basal_or_forcing,endpoint,proc,h,ref,rule,lead_h,resolution_h
level,speed_GNSS1,centred,1,R,T2,5.25,0.12527746981977422
level,speed_GNSS1,centred,1,R,T3,4.75,0.12527746981977422
level,speed_GNSS1,centred,1,R,T5,,0.12527746981977422
level,speed_GNSS1,centred,1,R,CP,2.75,0.12527746981977422
level,speed_GNSS1,centred,1,R,peak,-11.75,0.12527746981977422
level,speed_GNSS1,centred,1,R',T2,7.25,0.12527746981977422
level,speed_GNSS1,centred,1,R',T3,7.25,0.12527746981977422
level,speed_GNSS1,centred,1,R',T5,,0.12527746981977422
level,speed_GNSS1,centred,1,R',CP,3.5,0.12527746981977422
level,speed_GNSS1,centred,1,R',peak,-11.75,0.12527746981977422
level,speed_GNSS1,centred,3,R,T2,-8.25,0.12527746981977422
level,speed_GNSS1,centred,3,R,T3,2.25,0.12527746981977422
level,speed_GNSS1,centred,3,R,T5,11.25,0.12527746981977422
level,speed_GNSS1,centred,3,R,CP,-13.25,0.12527746981977422
level,speed_GNSS1,centred,3,R,peak,-1.0,0.12527746981977422
level,speed_GNSS1,centred,3,R',T2,-16.25,0.12527746981977422
level,speed_GNSS1,centred,3,R',T3,-7.75,0.12527746981977422
level,speed_GNSS1,centred,3,R',T5,-7.75,0.12527746981977422
level,speed_GNSS1,centred,3,R',CP,-21.75,0.12527746981977422
level,speed_GNSS1,centred,3,R',peak,-1.0,0.12527746981977422
level,speed_GNSS1,centred,6,R,T2,-8.5,0.12527746981977422
level,speed_GNSS1,centred,6,R,T3,-3.0,0.12527746981977422
level,speed_GNSS1,centred,6,R,T5,2.0,0.12527746981977422
level,speed_GNSS1,centred,6,R,CP,-13.25,0.12527746981977422
level,speed_GNSS1,centred,6,R,peak,-3.25,0.12527746981977422
level,speed_GNSS1,centred,6,R',T2,-6.75,0.12527746981977422
level,speed_GNSS1,centred,6,R',T3,-3.0,0.12527746981977422
level,speed_GNSS1,centred,6,R',T5,4.75,0.12527746981977422
level,speed_GNSS1,centred,6,R',CP,-14.0,0.12527746981977422
level,speed_GNSS1,centred,6,R',peak,-3.25,0.12527746981977422
level,speed_GNSS1,centred,12,R,T2,-15.0,0.12527746981977422
level,speed_GNSS1,centred,12,R,T3,-15.5,0.12527746981977422
level,speed_GNSS1,centred,12,R,T5,-16.25,0.12527746981977422
level,speed_GNSS1,centred,12,R,CP,-10.5,0.12527746981977422
level,speed_GNSS1,centred,12,R,peak,-7.0,0.12527746981977422
level,speed_GNSS1,centred,12,R',T2,-12.25,0.12527746981977422
level,speed_GNSS1,centred,12,R',T3,-12.5,0.12527746981977422
level,speed_GNSS1,centred,12,R',T5,-13.0,0.12527746981977422
level,speed_GNSS1,centred,12,R',CP,-9.25,0.12527746981977422
level,speed_GNSS1,centred,12,R',peak,-7.0,0.12527746981977422
level,speed_GNSS1,causal,1,R,T2,,0.12527746981977422
level,speed_GNSS1,causal,1,R,T3,,0.12527746981977422
level,speed_GNSS1,causal,1,R,T5,,0.12527746981977422
level,speed_GNSS1,causal,1,R,CP,5.0,0.12527746981977422
level,speed_GNSS1,causal,1,R,peak,-12.0,0.12527746981977422
level,speed_GNSS1,causal,1,R',T2,,0.12527746981977422
level,speed_GNSS1,causal,1,R',T3,,0.12527746981977422
level,speed_GNSS1,causal,1,R',T5,,0.12527746981977422
level,speed_GNSS1,causal,1,R',CP,5.5,0.12527746981977422
level,speed_GNSS1,causal,1,R',peak,-12.0,0.12527746981977422
level,speed_GNSS1,causal,3,R,T2,,0.12527746981977422
level,speed_GNSS1,causal,3,R,T3,,0.12527746981977422
level,speed_GNSS1,causal,3,R,T5,,0.12527746981977422
level,speed_GNSS1,causal,3,R,CP,4.75,0.12527746981977422
level,speed_GNSS1,causal,3,R,peak,-12.25,0.12527746981977422
level,speed_GNSS1,causal,3,R',T2,,0.12527746981977422
level,speed_GNSS1,causal,3,R',T3,,0.12527746981977422
level,speed_GNSS1,causal,3,R',T5,,0.12527746981977422
level,speed_GNSS1,causal,3,R',CP,5.25,0.12527746981977422
level,speed_GNSS1,causal,3,R',peak,-12.25,0.12527746981977422
level,speed_GNSS1,causal,6,R,T2,,0.12527746981977422
level,speed_GNSS1,causal,6,R,T3,,0.12527746981977422
level,speed_GNSS1,causal,6,R,T5,,0.12527746981977422
level,speed_GNSS1,causal,6,R,CP,4.0,0.12527746981977422
level,speed_GNSS1,causal,6,R,peak,-12.25,0.12527746981977422
level,speed_GNSS1,causal,6,R',T2,,0.12527746981977422
level,speed_GNSS1,causal,6,R',T3,,0.12527746981977422
level,speed_GNSS1,causal,6,R',T5,,0.12527746981977422
level,speed_GNSS1,causal,6,R',CP,4.5,0.12527746981977422
level,speed_GNSS1,causal,6,R',peak,-12.25,0.12527746981977422
level,speed_GNSS1,causal,12,R,T2,,0.12527746981977422
level,speed_GNSS1,causal,12,R,T3,,0.12527746981977422
level,speed_GNSS1,causal,12,R,T5,,0.12527746981977422
level,speed_GNSS1,causal,12,R,CP,3.25,0.12527746981977422
level,speed_GNSS1,causal,12,R,peak,-13.0,0.12527746981977422
level,speed_GNSS1,causal,12,R',T2,,0.12527746981977422
level,speed_GNSS1,causal,12,R',T3,,0.12527746981977422
level,speed_GNSS1,causal,12,R',T5,,0.12527746981977422
level,speed_GNSS1,causal,12,R',CP,3.75,0.12527746981977422
level,speed_GNSS1,causal,12,R',peak,-13.0,0.12527746981977422
level,speed_GNSS1,causal-robust,1,R,T2,18.5,0.12527746981977422
level,speed_GNSS1,causal-robust,1,R,T3,,0.12527746981977422
level,speed_GNSS1,causal-robust,1,R,T5,,0.12527746981977422
level,speed_GNSS1,causal-robust,1,R,CP,5.0,0.12527746981977422
level,speed_GNSS1,causal-robust,1,R,peak,-12.0,0.12527746981977422
level,speed_GNSS1,causal-robust,1,R',T2,19.5,0.12527746981977422
level,speed_GNSS1,causal-robust,1,R',T3,,0.12527746981977422
level,speed_GNSS1,causal-robust,1,R',T5,,0.12527746981977422
level,speed_GNSS1,causal-robust,1,R',CP,5.5,0.12527746981977422
level,speed_GNSS1,causal-robust,1,R',peak,-12.0,0.12527746981977422
level,speed_GNSS1,causal-robust,3,R,T2,-5.0,0.12527746981977422
level,speed_GNSS1,causal-robust,3,R,T3,7.25,0.12527746981977422
level,speed_GNSS1,causal-robust,3,R,T5,,0.12527746981977422
level,speed_GNSS1,causal-robust,3,R,CP,12.0,0.12527746981977422
level,speed_GNSS1,causal-robust,3,R,peak,1.0,0.12527746981977422
level,speed_GNSS1,causal-robust,3,R',T2,-4.0,0.12527746981977422
level,speed_GNSS1,causal-robust,3,R',T3,8.5,0.12527746981977422
level,speed_GNSS1,causal-robust,3,R',T5,,0.12527746981977422
level,speed_GNSS1,causal-robust,3,R',CP,12.5,0.12527746981977422
level,speed_GNSS1,causal-robust,3,R',peak,1.0,0.12527746981977422
level,speed_GNSS1,causal-robust,6,R,T2,-5.0,0.12527746981977422
level,speed_GNSS1,causal-robust,6,R,T3,-5.0,0.12527746981977422
level,speed_GNSS1,causal-robust,6,R,T5,14.25,0.12527746981977422
level,speed_GNSS1,causal-robust,6,R,CP,-10.5,0.12527746981977422
level,speed_GNSS1,causal-robust,6,R,peak,1.25,0.12527746981977422
level,speed_GNSS1,causal-robust,6,R',T2,-2.5,0.12527746981977422
level,speed_GNSS1,causal-robust,6,R',T3,9.0,0.12527746981977422
level,speed_GNSS1,causal-robust,6,R',T5,18.0,0.12527746981977422
level,speed_GNSS1,causal-robust,6,R',CP,2.75,0.12527746981977422
level,speed_GNSS1,causal-robust,6,R',peak,1.25,0.12527746981977422
level,speed_GNSS1,causal-robust,12,R,T2,-5.0,0.12527746981977422
level,speed_GNSS1,causal-robust,12,R,T3,-4.25,0.12527746981977422
level,speed_GNSS1,causal-robust,12,R,T5,10.25,0.12527746981977422
level,speed_GNSS1,causal-robust,12,R,CP,-9.25,0.12527746981977422
level,speed_GNSS1,causal-robust,12,R,peak,3.5,0.12527746981977422
level,speed_GNSS1,causal-robust,12,R',T2,-3.25,0.12527746981977422
level,speed_GNSS1,causal-robust,12,R',T3,-3.0,0.12527746981977422
level,speed_GNSS1,causal-robust,12,R',T5,-1.5,0.12527746981977422
level,speed_GNSS1,causal-robust,12,R',CP,-8.0,0.12527746981977422
level,speed_GNSS1,causal-robust,12,R',peak,3.5,0.12527746981977422
level,accel_GNSS1,centred,1,R,T2,48.5,0.12527746981977422
level,accel_GNSS1,centred,1,R,T3,,0.12527746981977422
level,accel_GNSS1,centred,1,R,T5,,0.12527746981977422
level,accel_GNSS1,centred,1,R,CP,46.25,0.12527746981977422
level,accel_GNSS1,centred,1,R,peak,30.25,0.12527746981977422
level,accel_GNSS1,centred,1,R',T2,,0.12527746981977422
level,accel_GNSS1,centred,1,R',T3,,0.12527746981977422
level,accel_GNSS1,centred,1,R',T5,,0.12527746981977422
level,accel_GNSS1,centred,1,R',CP,47.0,0.12527746981977422
level,accel_GNSS1,centred,1,R',peak,30.25,0.12527746981977422
level,accel_GNSS1,centred,3,R,T2,-8.75,0.12527746981977422
level,accel_GNSS1,centred,3,R,T3,2.0,0.12527746981977422
level,accel_GNSS1,centred,3,R,T5,,0.12527746981977422
level,accel_GNSS1,centred,3,R,CP,12.0,0.12527746981977422
level,accel_GNSS1,centred,3,R,peak,-3.0,0.12527746981977422
level,accel_GNSS1,centred,3,R',T2,-20.0,0.12527746981977422
level,accel_GNSS1,centred,3,R',T3,-20.25,0.12527746981977422
level,accel_GNSS1,centred,3,R',T5,3.25,0.12527746981977422
level,accel_GNSS1,centred,3,R',CP,12.5,0.12527746981977422
level,accel_GNSS1,centred,3,R',peak,-3.0,0.12527746981977422
level,accel_GNSS1,centred,6,R,T2,,0.12527746981977422
level,accel_GNSS1,centred,6,R,T3,,0.12527746981977422
level,accel_GNSS1,centred,6,R,T5,,0.12527746981977422
level,accel_GNSS1,centred,6,R,CP,-23.5,0.12527746981977422
level,accel_GNSS1,centred,6,R,peak,-6.25,0.12527746981977422
level,accel_GNSS1,centred,6,R',T2,-17.5,0.12527746981977422
level,accel_GNSS1,centred,6,R',T3,-16.5,0.12527746981977422
level,accel_GNSS1,centred,6,R',T5,,0.12527746981977422
level,accel_GNSS1,centred,6,R',CP,-27.0,0.12527746981977422
level,accel_GNSS1,centred,6,R',peak,-6.25,0.12527746981977422
level,accel_GNSS1,centred,12,R,T2,-9.75,0.12527746981977422
level,accel_GNSS1,centred,12,R,T3,-9.25,0.12527746981977422
level,accel_GNSS1,centred,12,R,T5,-7.75,0.12527746981977422
level,accel_GNSS1,centred,12,R,CP,-11.75,0.12527746981977422
level,accel_GNSS1,centred,12,R,peak,-21.5,0.12527746981977422
level,accel_GNSS1,centred,12,R',T2,-9.0,0.12527746981977422
level,accel_GNSS1,centred,12,R',T3,-8.5,0.12527746981977422
level,accel_GNSS1,centred,12,R',T5,-7.5,0.12527746981977422
level,accel_GNSS1,centred,12,R',CP,-12.5,0.12527746981977422
level,accel_GNSS1,centred,12,R',peak,-21.5,0.12527746981977422
level,accel_GNSS1,causal,1,R,T2,,0.12527746981977422
level,accel_GNSS1,causal,1,R,T3,,0.12527746981977422
level,accel_GNSS1,causal,1,R,T5,,0.12527746981977422
level,accel_GNSS1,causal,1,R,CP,5.0,0.12527746981977422
level,accel_GNSS1,causal,1,R,peak,-12.0,0.12527746981977422
level,accel_GNSS1,causal,1,R',T2,,0.12527746981977422
level,accel_GNSS1,causal,1,R',T3,,0.12527746981977422
level,accel_GNSS1,causal,1,R',T5,,0.12527746981977422
level,accel_GNSS1,causal,1,R',CP,5.5,0.12527746981977422
level,accel_GNSS1,causal,1,R',peak,-12.0,0.12527746981977422
level,accel_GNSS1,causal,3,R,T2,,0.12527746981977422
level,accel_GNSS1,causal,3,R,T3,,0.12527746981977422
level,accel_GNSS1,causal,3,R,T5,,0.12527746981977422
level,accel_GNSS1,causal,3,R,CP,4.75,0.12527746981977422
level,accel_GNSS1,causal,3,R,peak,-12.25,0.12527746981977422
level,accel_GNSS1,causal,3,R',T2,,0.12527746981977422
level,accel_GNSS1,causal,3,R',T3,,0.12527746981977422
level,accel_GNSS1,causal,3,R',T5,,0.12527746981977422
level,accel_GNSS1,causal,3,R',CP,5.25,0.12527746981977422
level,accel_GNSS1,causal,3,R',peak,-12.25,0.12527746981977422
level,accel_GNSS1,causal,6,R,T2,6.25,0.12527746981977422
level,accel_GNSS1,causal,6,R,T3,,0.12527746981977422
level,accel_GNSS1,causal,6,R,T5,,0.12527746981977422
level,accel_GNSS1,causal,6,R,CP,4.0,0.12527746981977422
level,accel_GNSS1,causal,6,R,peak,-12.25,0.12527746981977422
level,accel_GNSS1,causal,6,R',T2,7.75,0.12527746981977422
level,accel_GNSS1,causal,6,R',T3,,0.12527746981977422
level,accel_GNSS1,causal,6,R',T5,,0.12527746981977422
level,accel_GNSS1,causal,6,R',CP,4.5,0.12527746981977422
level,accel_GNSS1,causal,6,R',peak,-12.25,0.12527746981977422
level,accel_GNSS1,causal,12,R,T2,,0.12527746981977422
level,accel_GNSS1,causal,12,R,T3,,0.12527746981977422
level,accel_GNSS1,causal,12,R,T5,,0.12527746981977422
level,accel_GNSS1,causal,12,R,CP,3.25,0.12527746981977422
level,accel_GNSS1,causal,12,R,peak,-13.0,0.12527746981977422
level,accel_GNSS1,causal,12,R',T2,,0.12527746981977422
level,accel_GNSS1,causal,12,R',T3,,0.12527746981977422
level,accel_GNSS1,causal,12,R',T5,,0.12527746981977422
level,accel_GNSS1,causal,12,R',CP,3.75,0.12527746981977422
level,accel_GNSS1,causal,12,R',peak,-13.0,0.12527746981977422
level,accel_GNSS1,causal-robust,1,R,T2,,0.12527746981977422
level,accel_GNSS1,causal-robust,1,R,T3,,0.12527746981977422
level,accel_GNSS1,causal-robust,1,R,T5,,0.12527746981977422
level,accel_GNSS1,causal-robust,1,R,CP,5.0,0.12527746981977422
level,accel_GNSS1,causal-robust,1,R,peak,-12.0,0.12527746981977422
level,accel_GNSS1,causal-robust,1,R',T2,,0.12527746981977422
level,accel_GNSS1,causal-robust,1,R',T3,,0.12527746981977422
level,accel_GNSS1,causal-robust,1,R',T5,,0.12527746981977422
level,accel_GNSS1,causal-robust,1,R',CP,5.5,0.12527746981977422
level,accel_GNSS1,causal-robust,1,R',peak,-12.0,0.12527746981977422
level,accel_GNSS1,causal-robust,3,R,T2,-19.75,0.12527746981977422
level,accel_GNSS1,causal-robust,3,R,T3,,0.12527746981977422
level,accel_GNSS1,causal-robust,3,R,T5,,0.12527746981977422
level,accel_GNSS1,causal-robust,3,R,CP,1.75,0.12527746981977422
level,accel_GNSS1,causal-robust,3,R,peak,-11.75,0.12527746981977422
level,accel_GNSS1,causal-robust,3,R',T2,-19.0,0.12527746981977422
level,accel_GNSS1,causal-robust,3,R',T3,,0.12527746981977422
level,accel_GNSS1,causal-robust,3,R',T5,,0.12527746981977422
level,accel_GNSS1,causal-robust,3,R',CP,2.25,0.12527746981977422
level,accel_GNSS1,causal-robust,3,R',peak,-11.75,0.12527746981977422
level,accel_GNSS1,causal-robust,6,R,T2,-4.0,0.12527746981977422
level,accel_GNSS1,causal-robust,6,R,T3,18.0,0.12527746981977422
level,accel_GNSS1,causal-robust,6,R,T5,,0.12527746981977422
level,accel_GNSS1,causal-robust,6,R,CP,14.5,0.12527746981977422
level,accel_GNSS1,causal-robust,6,R,peak,1.0,0.12527746981977422
level,accel_GNSS1,causal-robust,6,R',T2,-2.5,0.12527746981977422
level,accel_GNSS1,causal-robust,6,R',T3,20.25,0.12527746981977422
level,accel_GNSS1,causal-robust,6,R',T5,,0.12527746981977422
level,accel_GNSS1,causal-robust,6,R',CP,15.0,0.12527746981977422
level,accel_GNSS1,causal-robust,6,R',peak,1.0,0.12527746981977422
level,accel_GNSS1,causal-robust,12,R,T2,15.0,0.12527746981977422
level,accel_GNSS1,causal-robust,12,R,T3,15.75,0.12527746981977422
level,accel_GNSS1,causal-robust,12,R,T5,,0.12527746981977422
level,accel_GNSS1,causal-robust,12,R,CP,-16.25,0.12527746981977422
level,accel_GNSS1,causal-robust,12,R,peak,2.5,0.12527746981977422
level,accel_GNSS1,causal-robust,12,R',T2,2.5,0.12527746981977422
level,accel_GNSS1,causal-robust,12,R',T3,17.75,0.12527746981977422
level,accel_GNSS1,causal-robust,12,R',T5,18.75,0.12527746981977422
level,accel_GNSS1,causal-robust,12,R',CP,-15.5,0.12527746981977422
level,accel_GNSS1,causal-robust,12,R',peak,2.5,0.12527746981977422
level,speed_GNSS2,centred,1,R,T2,-10.0,0.12527746981977422
level,speed_GNSS2,centred,1,R,T3,4.5,0.12527746981977422
level,speed_GNSS2,centred,1,R,T5,,0.12527746981977422
level,speed_GNSS2,centred,1,R,CP,-0.75,0.12527746981977422
level,speed_GNSS2,centred,1,R,peak,-11.75,0.12527746981977422
level,speed_GNSS2,centred,1,R',T2,-8.25,0.12527746981977422
level,speed_GNSS2,centred,1,R',T3,7.25,0.12527746981977422
level,speed_GNSS2,centred,1,R',T5,,0.12527746981977422
level,speed_GNSS2,centred,1,R',CP,0.0,0.12527746981977422
level,speed_GNSS2,centred,1,R',peak,-11.75,0.12527746981977422
level,speed_GNSS2,centred,3,R,T2,-20.75,0.12527746981977422
level,speed_GNSS2,centred,3,R,T3,0.75,0.12527746981977422
level,speed_GNSS2,centred,3,R,T5,,0.12527746981977422
level,speed_GNSS2,centred,3,R,CP,-2.25,0.12527746981977422
level,speed_GNSS2,centred,3,R,peak,-13.0,0.12527746981977422
level,speed_GNSS2,centred,3,R',T2,-21.5,0.12527746981977422
level,speed_GNSS2,centred,3,R',T3,-22.0,0.12527746981977422
level,speed_GNSS2,centred,3,R',T5,-22.5,0.12527746981977422
level,speed_GNSS2,centred,3,R',CP,-28.75,0.12527746981977422
level,speed_GNSS2,centred,3,R',peak,-13.0,0.12527746981977422
level,speed_GNSS2,centred,6,R,T2,-7.0,0.12527746981977422
level,speed_GNSS2,centred,6,R,T3,-4.25,0.12527746981977422
level,speed_GNSS2,centred,6,R,T5,-1.5,0.12527746981977422
level,speed_GNSS2,centred,6,R,CP,-23.0,0.12527746981977422
level,speed_GNSS2,centred,6,R,peak,-1.75,0.12527746981977422
level,speed_GNSS2,centred,6,R',T2,-21.0,0.12527746981977422
level,speed_GNSS2,centred,6,R',T3,-20.5,0.12527746981977422
level,speed_GNSS2,centred,6,R',T5,-19.5,0.12527746981977422
level,speed_GNSS2,centred,6,R',CP,-25.75,0.12527746981977422
level,speed_GNSS2,centred,6,R',peak,-1.75,0.12527746981977422
level,speed_GNSS2,centred,12,R,T2,-21.25,0.12527746981977422
level,speed_GNSS2,centred,12,R,T3,-22.75,0.12527746981977422
level,speed_GNSS2,centred,12,R,T5,-23.0,0.12527746981977422
level,speed_GNSS2,centred,12,R,CP,-17.75,0.12527746981977422
level,speed_GNSS2,centred,12,R,peak,-10.5,0.12527746981977422
level,speed_GNSS2,centred,12,R',T2,-17.5,0.12527746981977422
level,speed_GNSS2,centred,12,R',T3,-17.75,0.12527746981977422
level,speed_GNSS2,centred,12,R',T5,-17.5,0.12527746981977422
level,speed_GNSS2,centred,12,R',CP,-16.25,0.12527746981977422
level,speed_GNSS2,centred,12,R',peak,-10.5,0.12527746981977422
level,speed_GNSS2,causal,1,R,T2,,0.12527746981977422
level,speed_GNSS2,causal,1,R,T3,,0.12527746981977422
level,speed_GNSS2,causal,1,R,T5,,0.12527746981977422
level,speed_GNSS2,causal,1,R,CP,-11.25,0.12527746981977422
level,speed_GNSS2,causal,1,R,peak,-28.25,0.12527746981977422
level,speed_GNSS2,causal,1,R',T2,,0.12527746981977422
level,speed_GNSS2,causal,1,R',T3,,0.12527746981977422
level,speed_GNSS2,causal,1,R',T5,,0.12527746981977422
level,speed_GNSS2,causal,1,R',CP,-10.75,0.12527746981977422
level,speed_GNSS2,causal,1,R',peak,-28.25,0.12527746981977422
level,speed_GNSS2,causal,3,R,T2,7.25,0.12527746981977422
level,speed_GNSS2,causal,3,R,T3,,0.12527746981977422
level,speed_GNSS2,causal,3,R,T5,,0.12527746981977422
level,speed_GNSS2,causal,3,R,CP,-11.5,0.12527746981977422
level,speed_GNSS2,causal,3,R,peak,-28.5,0.12527746981977422
level,speed_GNSS2,causal,3,R',T2,8.25,0.12527746981977422
level,speed_GNSS2,causal,3,R',T3,,0.12527746981977422
level,speed_GNSS2,causal,3,R',T5,,0.12527746981977422
level,speed_GNSS2,causal,3,R',CP,-11.0,0.12527746981977422
level,speed_GNSS2,causal,3,R',peak,-28.5,0.12527746981977422
level,speed_GNSS2,causal,6,R,T2,6.5,0.12527746981977422
level,speed_GNSS2,causal,6,R,T3,,0.12527746981977422
level,speed_GNSS2,causal,6,R,T5,,0.12527746981977422
level,speed_GNSS2,causal,6,R,CP,-12.25,0.12527746981977422
level,speed_GNSS2,causal,6,R,peak,-28.5,0.12527746981977422
level,speed_GNSS2,causal,6,R',T2,8.0,0.12527746981977422
level,speed_GNSS2,causal,6,R',T3,,0.12527746981977422
level,speed_GNSS2,causal,6,R',T5,,0.12527746981977422
level,speed_GNSS2,causal,6,R',CP,-11.75,0.12527746981977422
level,speed_GNSS2,causal,6,R',peak,-28.5,0.12527746981977422
level,speed_GNSS2,causal,12,R,T2,4.75,0.12527746981977422
level,speed_GNSS2,causal,12,R,T3,,0.12527746981977422
level,speed_GNSS2,causal,12,R,T5,,0.12527746981977422
level,speed_GNSS2,causal,12,R,CP,-13.0,0.12527746981977422
level,speed_GNSS2,causal,12,R,peak,-29.25,0.12527746981977422
level,speed_GNSS2,causal,12,R',T2,7.0,0.12527746981977422
level,speed_GNSS2,causal,12,R',T3,6.75,0.12527746981977422
level,speed_GNSS2,causal,12,R',T5,,0.12527746981977422
level,speed_GNSS2,causal,12,R',CP,-12.5,0.12527746981977422
level,speed_GNSS2,causal,12,R',peak,-29.25,0.12527746981977422
level,speed_GNSS2,causal-robust,1,R,T2,18.5,0.12527746981977422
level,speed_GNSS2,causal-robust,1,R,T3,,0.12527746981977422
level,speed_GNSS2,causal-robust,1,R,T5,,0.12527746981977422
level,speed_GNSS2,causal-robust,1,R,CP,-11.25,0.12527746981977422
level,speed_GNSS2,causal-robust,1,R,peak,-28.25,0.12527746981977422
level,speed_GNSS2,causal-robust,1,R',T2,-20.0,0.12527746981977422
level,speed_GNSS2,causal-robust,1,R',T3,,0.12527746981977422
level,speed_GNSS2,causal-robust,1,R',T5,,0.12527746981977422
level,speed_GNSS2,causal-robust,1,R',CP,-10.75,0.12527746981977422
level,speed_GNSS2,causal-robust,1,R',peak,-28.25,0.12527746981977422
level,speed_GNSS2,causal-robust,3,R,T2,-5.0,0.12527746981977422
level,speed_GNSS2,causal-robust,3,R,T3,6.5,0.12527746981977422
level,speed_GNSS2,causal-robust,3,R,T5,5.25,0.12527746981977422
level,speed_GNSS2,causal-robust,3,R,CP,2.0,0.12527746981977422
level,speed_GNSS2,causal-robust,3,R,peak,-11.5,0.12527746981977422
level,speed_GNSS2,causal-robust,3,R',T2,-19.25,0.12527746981977422
level,speed_GNSS2,causal-robust,3,R',T3,-18.0,0.12527746981977422
level,speed_GNSS2,causal-robust,3,R',T5,7.25,0.12527746981977422
level,speed_GNSS2,causal-robust,3,R',CP,1.0,0.12527746981977422
level,speed_GNSS2,causal-robust,3,R',peak,-11.5,0.12527746981977422
level,speed_GNSS2,causal-robust,6,R,T2,-15.5,0.12527746981977422
level,speed_GNSS2,causal-robust,6,R,T3,5.0,0.12527746981977422
level,speed_GNSS2,causal-robust,6,R,T5,4.5,0.12527746981977422
level,speed_GNSS2,causal-robust,6,R,CP,-8.5,0.12527746981977422
level,speed_GNSS2,causal-robust,6,R,peak,-10.75,0.12527746981977422
level,speed_GNSS2,causal-robust,6,R',T2,-14.25,0.12527746981977422
level,speed_GNSS2,causal-robust,6,R',T3,7.0,0.12527746981977422
level,speed_GNSS2,causal-robust,6,R',T5,8.0,0.12527746981977422
level,speed_GNSS2,causal-robust,6,R',CP,-7.75,0.12527746981977422
level,speed_GNSS2,causal-robust,6,R',peak,-10.75,0.12527746981977422
level,speed_GNSS2,causal-robust,12,R,T2,-3.25,0.12527746981977422
level,speed_GNSS2,causal-robust,12,R,T3,1.5,0.12527746981977422
level,speed_GNSS2,causal-robust,12,R,T5,2.0,0.12527746981977422
level,speed_GNSS2,causal-robust,12,R,CP,-20.0,0.12527746981977422
level,speed_GNSS2,causal-robust,12,R,peak,13.75,0.12527746981977422
level,speed_GNSS2,causal-robust,12,R',T2,-12.5,0.12527746981977422
level,speed_GNSS2,causal-robust,12,R',T3,-1.25,0.12527746981977422
level,speed_GNSS2,causal-robust,12,R',T5,4.0,0.12527746981977422
level,speed_GNSS2,causal-robust,12,R',CP,-18.0,0.12527746981977422
level,speed_GNSS2,causal-robust,12,R',peak,13.75,0.12527746981977422
uplift_GNSS1,speed_GNSS1,centred,1,R,T2,,0.1767766952966369
uplift_GNSS1,speed_GNSS1,centred,1,R,T3,,0.1767766952966369
uplift_GNSS1,speed_GNSS1,centred,1,R,T5,,0.1767766952966369
uplift_GNSS1,speed_GNSS1,centred,1,R,CP,0.0,0.1767766952966369
uplift_GNSS1,speed_GNSS1,centred,1,R,peak,0.0,0.1767766952966369
uplift_GNSS1,speed_GNSS1,centred,1,R',T2,23.75,0.1767766952966369
uplift_GNSS1,speed_GNSS1,centred,1,R',T3,-0.25,0.1767766952966369
uplift_GNSS1,speed_GNSS1,centred,1,R',T5,,0.1767766952966369
uplift_GNSS1,speed_GNSS1,centred,1,R',CP,0.25,0.1767766952966369
uplift_GNSS1,speed_GNSS1,centred,1,R',peak,0.0,0.1767766952966369
uplift_GNSS1,speed_GNSS1,centred,3,R,T2,,0.1767766952966369
uplift_GNSS1,speed_GNSS1,centred,3,R,T3,,0.1767766952966369
uplift_GNSS1,speed_GNSS1,centred,3,R,T5,,0.1767766952966369
uplift_GNSS1,speed_GNSS1,centred,3,R,CP,-35.75,0.1767766952966369
uplift_GNSS1,speed_GNSS1,centred,3,R,peak,-11.75,0.1767766952966369
uplift_GNSS1,speed_GNSS1,centred,3,R',T2,-24.0,0.1767766952966369
uplift_GNSS1,speed_GNSS1,centred,3,R',T3,-35.5,0.1767766952966369
uplift_GNSS1,speed_GNSS1,centred,3,R',T5,,0.1767766952966369
uplift_GNSS1,speed_GNSS1,centred,3,R',CP,-44.0,0.1767766952966369
uplift_GNSS1,speed_GNSS1,centred,3,R',peak,-11.75,0.1767766952966369
uplift_GNSS1,speed_GNSS1,centred,6,R,T2,,0.1767766952966369
uplift_GNSS1,speed_GNSS1,centred,6,R,T3,,0.1767766952966369
uplift_GNSS1,speed_GNSS1,centred,6,R,T5,,0.1767766952966369
uplift_GNSS1,speed_GNSS1,centred,6,R,CP,-33.0,0.1767766952966369
uplift_GNSS1,speed_GNSS1,centred,6,R,peak,-40.0,0.1767766952966369
uplift_GNSS1,speed_GNSS1,centred,6,R',T2,-37.25,0.1767766952966369
uplift_GNSS1,speed_GNSS1,centred,6,R',T3,-35.25,0.1767766952966369
uplift_GNSS1,speed_GNSS1,centred,6,R',T5,,0.1767766952966369
uplift_GNSS1,speed_GNSS1,centred,6,R',CP,-32.0,0.1767766952966369
uplift_GNSS1,speed_GNSS1,centred,6,R',peak,-40.0,0.1767766952966369
uplift_GNSS1,speed_GNSS1,centred,12,R,T2,,0.1767766952966369
uplift_GNSS1,speed_GNSS1,centred,12,R,T3,,0.1767766952966369
uplift_GNSS1,speed_GNSS1,centred,12,R,T5,,0.1767766952966369
uplift_GNSS1,speed_GNSS1,centred,12,R,CP,-36.75,0.1767766952966369
uplift_GNSS1,speed_GNSS1,centred,12,R,peak,-34.75,0.1767766952966369
uplift_GNSS1,speed_GNSS1,centred,12,R',T2,-54.25,0.1767766952966369
uplift_GNSS1,speed_GNSS1,centred,12,R',T3,-58.5,0.1767766952966369
uplift_GNSS1,speed_GNSS1,centred,12,R',T5,,0.1767766952966369
uplift_GNSS1,speed_GNSS1,centred,12,R',CP,-32.5,0.1767766952966369
uplift_GNSS1,speed_GNSS1,centred,12,R',peak,-34.75,0.1767766952966369
uplift_GNSS1,speed_GNSS1,causal,1,R,T2,,0.1767766952966369
uplift_GNSS1,speed_GNSS1,causal,1,R,T3,,0.1767766952966369
uplift_GNSS1,speed_GNSS1,causal,1,R,T5,,0.1767766952966369
uplift_GNSS1,speed_GNSS1,causal,1,R,CP,1.0,0.1767766952966369
uplift_GNSS1,speed_GNSS1,causal,1,R,peak,0.75,0.1767766952966369
uplift_GNSS1,speed_GNSS1,causal,1,R',T2,,0.1767766952966369
uplift_GNSS1,speed_GNSS1,causal,1,R',T3,,0.1767766952966369
uplift_GNSS1,speed_GNSS1,causal,1,R',T5,,0.1767766952966369
uplift_GNSS1,speed_GNSS1,causal,1,R',CP,1.25,0.1767766952966369
uplift_GNSS1,speed_GNSS1,causal,1,R',peak,0.75,0.1767766952966369
uplift_GNSS1,speed_GNSS1,causal,3,R,T2,,0.1767766952966369
uplift_GNSS1,speed_GNSS1,causal,3,R,T3,,0.1767766952966369
uplift_GNSS1,speed_GNSS1,causal,3,R,T5,,0.1767766952966369
uplift_GNSS1,speed_GNSS1,causal,3,R,CP,1.0,0.1767766952966369
uplift_GNSS1,speed_GNSS1,causal,3,R,peak,0.75,0.1767766952966369
uplift_GNSS1,speed_GNSS1,causal,3,R',T2,,0.1767766952966369
uplift_GNSS1,speed_GNSS1,causal,3,R',T3,,0.1767766952966369
uplift_GNSS1,speed_GNSS1,causal,3,R',T5,,0.1767766952966369
uplift_GNSS1,speed_GNSS1,causal,3,R',CP,6.0,0.1767766952966369
uplift_GNSS1,speed_GNSS1,causal,3,R',peak,0.75,0.1767766952966369
uplift_GNSS1,speed_GNSS1,causal,6,R,T2,,0.1767766952966369
uplift_GNSS1,speed_GNSS1,causal,6,R,T3,,0.1767766952966369
uplift_GNSS1,speed_GNSS1,causal,6,R,T5,,0.1767766952966369
uplift_GNSS1,speed_GNSS1,causal,6,R,CP,2.0,0.1767766952966369
uplift_GNSS1,speed_GNSS1,causal,6,R,peak,-1.5,0.1767766952966369
uplift_GNSS1,speed_GNSS1,causal,6,R',T2,,0.1767766952966369
uplift_GNSS1,speed_GNSS1,causal,6,R',T3,,0.1767766952966369
uplift_GNSS1,speed_GNSS1,causal,6,R',T5,,0.1767766952966369
uplift_GNSS1,speed_GNSS1,causal,6,R',CP,2.5,0.1767766952966369
uplift_GNSS1,speed_GNSS1,causal,6,R',peak,-1.5,0.1767766952966369
uplift_GNSS1,speed_GNSS1,causal,12,R,T2,,0.1767766952966369
uplift_GNSS1,speed_GNSS1,causal,12,R,T3,,0.1767766952966369
uplift_GNSS1,speed_GNSS1,causal,12,R,T5,,0.1767766952966369
uplift_GNSS1,speed_GNSS1,causal,12,R,CP,-17.5,0.1767766952966369
uplift_GNSS1,speed_GNSS1,causal,12,R,peak,-31.75,0.1767766952966369
uplift_GNSS1,speed_GNSS1,causal,12,R',T2,,0.1767766952966369
uplift_GNSS1,speed_GNSS1,causal,12,R',T3,,0.1767766952966369
uplift_GNSS1,speed_GNSS1,causal,12,R',T5,,0.1767766952966369
uplift_GNSS1,speed_GNSS1,causal,12,R',CP,-17.0,0.1767766952966369
uplift_GNSS1,speed_GNSS1,causal,12,R',peak,-31.75,0.1767766952966369
uplift_GNSS1,speed_GNSS1,causal-robust,1,R,T2,,0.1767766952966369
uplift_GNSS1,speed_GNSS1,causal-robust,1,R,T3,,0.1767766952966369
uplift_GNSS1,speed_GNSS1,causal-robust,1,R,T5,,0.1767766952966369
uplift_GNSS1,speed_GNSS1,causal-robust,1,R,CP,-12.25,0.1767766952966369
uplift_GNSS1,speed_GNSS1,causal-robust,1,R,peak,-40.75,0.1767766952966369
uplift_GNSS1,speed_GNSS1,causal-robust,1,R',T2,,0.1767766952966369
uplift_GNSS1,speed_GNSS1,causal-robust,1,R',T3,,0.1767766952966369
uplift_GNSS1,speed_GNSS1,causal-robust,1,R',T5,,0.1767766952966369
uplift_GNSS1,speed_GNSS1,causal-robust,1,R',CP,-12.0,0.1767766952966369
uplift_GNSS1,speed_GNSS1,causal-robust,1,R',peak,-40.75,0.1767766952966369
uplift_GNSS1,speed_GNSS1,causal-robust,3,R,T2,,0.1767766952966369
uplift_GNSS1,speed_GNSS1,causal-robust,3,R,T3,,0.1767766952966369
uplift_GNSS1,speed_GNSS1,causal-robust,3,R,T5,,0.1767766952966369
uplift_GNSS1,speed_GNSS1,causal-robust,3,R,CP,9.5,0.1767766952966369
uplift_GNSS1,speed_GNSS1,causal-robust,3,R,peak,11.25,0.1767766952966369
uplift_GNSS1,speed_GNSS1,causal-robust,3,R',T2,17.0,0.1767766952966369
uplift_GNSS1,speed_GNSS1,causal-robust,3,R',T3,-1.0,0.1767766952966369
uplift_GNSS1,speed_GNSS1,causal-robust,3,R',T5,,0.1767766952966369
uplift_GNSS1,speed_GNSS1,causal-robust,3,R',CP,13.0,0.1767766952966369
uplift_GNSS1,speed_GNSS1,causal-robust,3,R',peak,11.25,0.1767766952966369
uplift_GNSS1,speed_GNSS1,causal-robust,6,R,T2,-13.25,0.1767766952966369
uplift_GNSS1,speed_GNSS1,causal-robust,6,R,T3,,0.1767766952966369
uplift_GNSS1,speed_GNSS1,causal-robust,6,R,T5,,0.1767766952966369
uplift_GNSS1,speed_GNSS1,causal-robust,6,R,CP,-12.5,0.1767766952966369
uplift_GNSS1,speed_GNSS1,causal-robust,6,R,peak,11.5,0.1767766952966369
uplift_GNSS1,speed_GNSS1,causal-robust,6,R',T2,-10.0,0.1767766952966369
uplift_GNSS1,speed_GNSS1,causal-robust,6,R',T3,-0.5,0.1767766952966369
uplift_GNSS1,speed_GNSS1,causal-robust,6,R',T5,,0.1767766952966369
uplift_GNSS1,speed_GNSS1,causal-robust,6,R',CP,0.75,0.1767766952966369
uplift_GNSS1,speed_GNSS1,causal-robust,6,R',peak,11.5,0.1767766952966369
uplift_GNSS1,speed_GNSS1,causal-robust,12,R,T2,,0.1767766952966369
uplift_GNSS1,speed_GNSS1,causal-robust,12,R,T3,,0.1767766952966369
uplift_GNSS1,speed_GNSS1,causal-robust,12,R,T5,,0.1767766952966369
uplift_GNSS1,speed_GNSS1,causal-robust,12,R,CP,-30.75,0.1767766952966369
uplift_GNSS1,speed_GNSS1,causal-robust,12,R,peak,-7.75,0.1767766952966369
uplift_GNSS1,speed_GNSS1,causal-robust,12,R',T2,-33.25,0.1767766952966369
uplift_GNSS1,speed_GNSS1,causal-robust,12,R',T3,,0.1767766952966369
uplift_GNSS1,speed_GNSS1,causal-robust,12,R',T5,,0.1767766952966369
uplift_GNSS1,speed_GNSS1,causal-robust,12,R',CP,-29.5,0.1767766952966369
uplift_GNSS1,speed_GNSS1,causal-robust,12,R',peak,-7.75,0.1767766952966369
uplift_GNSS1,accel_GNSS1,centred,1,R,T2,,0.1767766952966369
uplift_GNSS1,accel_GNSS1,centred,1,R,T3,,0.1767766952966369
uplift_GNSS1,accel_GNSS1,centred,1,R,T5,,0.1767766952966369
uplift_GNSS1,accel_GNSS1,centred,1,R,CP,43.5,0.1767766952966369
uplift_GNSS1,accel_GNSS1,centred,1,R,peak,42.0,0.1767766952966369
uplift_GNSS1,accel_GNSS1,centred,1,R',T2,,0.1767766952966369
uplift_GNSS1,accel_GNSS1,centred,1,R',T3,,0.1767766952966369
uplift_GNSS1,accel_GNSS1,centred,1,R',T5,,0.1767766952966369
uplift_GNSS1,accel_GNSS1,centred,1,R',CP,43.75,0.1767766952966369
uplift_GNSS1,accel_GNSS1,centred,1,R',peak,42.0,0.1767766952966369
uplift_GNSS1,accel_GNSS1,centred,3,R,T2,,0.1767766952966369
uplift_GNSS1,accel_GNSS1,centred,3,R,T3,,0.1767766952966369
uplift_GNSS1,accel_GNSS1,centred,3,R,T5,,0.1767766952966369
uplift_GNSS1,accel_GNSS1,centred,3,R,CP,-10.5,0.1767766952966369
uplift_GNSS1,accel_GNSS1,centred,3,R,peak,-13.75,0.1767766952966369
uplift_GNSS1,accel_GNSS1,centred,3,R',T2,-27.75,0.1767766952966369
uplift_GNSS1,accel_GNSS1,centred,3,R',T3,-48.0,0.1767766952966369
uplift_GNSS1,accel_GNSS1,centred,3,R',T5,,0.1767766952966369
uplift_GNSS1,accel_GNSS1,centred,3,R',CP,-9.75,0.1767766952966369
uplift_GNSS1,accel_GNSS1,centred,3,R',peak,-13.75,0.1767766952966369
uplift_GNSS1,accel_GNSS1,centred,6,R,T2,,0.1767766952966369
uplift_GNSS1,accel_GNSS1,centred,6,R,T3,,0.1767766952966369
uplift_GNSS1,accel_GNSS1,centred,6,R,T5,,0.1767766952966369
uplift_GNSS1,accel_GNSS1,centred,6,R,CP,-43.25,0.1767766952966369
uplift_GNSS1,accel_GNSS1,centred,6,R,peak,-43.0,0.1767766952966369
uplift_GNSS1,accel_GNSS1,centred,6,R',T2,-48.0,0.1767766952966369
uplift_GNSS1,accel_GNSS1,centred,6,R',T3,-48.75,0.1767766952966369
uplift_GNSS1,accel_GNSS1,centred,6,R',T5,,0.1767766952966369
uplift_GNSS1,accel_GNSS1,centred,6,R',CP,-45.0,0.1767766952966369
uplift_GNSS1,accel_GNSS1,centred,6,R',peak,-43.0,0.1767766952966369
uplift_GNSS1,accel_GNSS1,centred,12,R,T2,,0.1767766952966369
uplift_GNSS1,accel_GNSS1,centred,12,R,T3,,0.1767766952966369
uplift_GNSS1,accel_GNSS1,centred,12,R,T5,,0.1767766952966369
uplift_GNSS1,accel_GNSS1,centred,12,R,CP,-38.0,0.1767766952966369
uplift_GNSS1,accel_GNSS1,centred,12,R,peak,-49.25,0.1767766952966369
uplift_GNSS1,accel_GNSS1,centred,12,R',T2,-51.0,0.1767766952966369
uplift_GNSS1,accel_GNSS1,centred,12,R',T3,-54.5,0.1767766952966369
uplift_GNSS1,accel_GNSS1,centred,12,R',T5,,0.1767766952966369
uplift_GNSS1,accel_GNSS1,centred,12,R',CP,-35.75,0.1767766952966369
uplift_GNSS1,accel_GNSS1,centred,12,R',peak,-49.25,0.1767766952966369
uplift_GNSS1,accel_GNSS1,causal,1,R,T2,,0.1767766952966369
uplift_GNSS1,accel_GNSS1,causal,1,R,T3,,0.1767766952966369
uplift_GNSS1,accel_GNSS1,causal,1,R,T5,,0.1767766952966369
uplift_GNSS1,accel_GNSS1,causal,1,R,CP,1.0,0.1767766952966369
uplift_GNSS1,accel_GNSS1,causal,1,R,peak,0.75,0.1767766952966369
uplift_GNSS1,accel_GNSS1,causal,1,R',T2,,0.1767766952966369
uplift_GNSS1,accel_GNSS1,causal,1,R',T3,,0.1767766952966369
uplift_GNSS1,accel_GNSS1,causal,1,R',T5,,0.1767766952966369
uplift_GNSS1,accel_GNSS1,causal,1,R',CP,1.25,0.1767766952966369
uplift_GNSS1,accel_GNSS1,causal,1,R',peak,0.75,0.1767766952966369
uplift_GNSS1,accel_GNSS1,causal,3,R,T2,,0.1767766952966369
uplift_GNSS1,accel_GNSS1,causal,3,R,T3,,0.1767766952966369
uplift_GNSS1,accel_GNSS1,causal,3,R,T5,,0.1767766952966369
uplift_GNSS1,accel_GNSS1,causal,3,R,CP,1.0,0.1767766952966369
uplift_GNSS1,accel_GNSS1,causal,3,R,peak,0.75,0.1767766952966369
uplift_GNSS1,accel_GNSS1,causal,3,R',T2,,0.1767766952966369
uplift_GNSS1,accel_GNSS1,causal,3,R',T3,,0.1767766952966369
uplift_GNSS1,accel_GNSS1,causal,3,R',T5,,0.1767766952966369
uplift_GNSS1,accel_GNSS1,causal,3,R',CP,6.0,0.1767766952966369
uplift_GNSS1,accel_GNSS1,causal,3,R',peak,0.75,0.1767766952966369
uplift_GNSS1,accel_GNSS1,causal,6,R,T2,,0.1767766952966369
uplift_GNSS1,accel_GNSS1,causal,6,R,T3,,0.1767766952966369
uplift_GNSS1,accel_GNSS1,causal,6,R,T5,,0.1767766952966369
uplift_GNSS1,accel_GNSS1,causal,6,R,CP,2.0,0.1767766952966369
uplift_GNSS1,accel_GNSS1,causal,6,R,peak,-1.5,0.1767766952966369
uplift_GNSS1,accel_GNSS1,causal,6,R',T2,0.25,0.1767766952966369
uplift_GNSS1,accel_GNSS1,causal,6,R',T3,,0.1767766952966369
uplift_GNSS1,accel_GNSS1,causal,6,R',T5,,0.1767766952966369
uplift_GNSS1,accel_GNSS1,causal,6,R',CP,2.5,0.1767766952966369
uplift_GNSS1,accel_GNSS1,causal,6,R',peak,-1.5,0.1767766952966369
uplift_GNSS1,accel_GNSS1,causal,12,R,T2,,0.1767766952966369
uplift_GNSS1,accel_GNSS1,causal,12,R,T3,,0.1767766952966369
uplift_GNSS1,accel_GNSS1,causal,12,R,T5,,0.1767766952966369
uplift_GNSS1,accel_GNSS1,causal,12,R,CP,-17.5,0.1767766952966369
uplift_GNSS1,accel_GNSS1,causal,12,R,peak,-31.75,0.1767766952966369
uplift_GNSS1,accel_GNSS1,causal,12,R',T2,,0.1767766952966369
uplift_GNSS1,accel_GNSS1,causal,12,R',T3,,0.1767766952966369
uplift_GNSS1,accel_GNSS1,causal,12,R',T5,,0.1767766952966369
uplift_GNSS1,accel_GNSS1,causal,12,R',CP,-17.0,0.1767766952966369
uplift_GNSS1,accel_GNSS1,causal,12,R',peak,-31.75,0.1767766952966369
uplift_GNSS1,accel_GNSS1,causal-robust,1,R,T2,,0.1767766952966369
uplift_GNSS1,accel_GNSS1,causal-robust,1,R,T3,,0.1767766952966369
uplift_GNSS1,accel_GNSS1,causal-robust,1,R,T5,,0.1767766952966369
uplift_GNSS1,accel_GNSS1,causal-robust,1,R,CP,-12.25,0.1767766952966369
uplift_GNSS1,accel_GNSS1,causal-robust,1,R,peak,-40.75,0.1767766952966369
uplift_GNSS1,accel_GNSS1,causal-robust,1,R',T2,,0.1767766952966369
uplift_GNSS1,accel_GNSS1,causal-robust,1,R',T3,,0.1767766952966369
uplift_GNSS1,accel_GNSS1,causal-robust,1,R',T5,,0.1767766952966369
uplift_GNSS1,accel_GNSS1,causal-robust,1,R',CP,-12.0,0.1767766952966369
uplift_GNSS1,accel_GNSS1,causal-robust,1,R',peak,-40.75,0.1767766952966369
uplift_GNSS1,accel_GNSS1,causal-robust,3,R,T2,,0.1767766952966369
uplift_GNSS1,accel_GNSS1,causal-robust,3,R,T3,,0.1767766952966369
uplift_GNSS1,accel_GNSS1,causal-robust,3,R,T5,,0.1767766952966369
uplift_GNSS1,accel_GNSS1,causal-robust,3,R,CP,-0.75,0.1767766952966369
uplift_GNSS1,accel_GNSS1,causal-robust,3,R,peak,-1.5,0.1767766952966369
uplift_GNSS1,accel_GNSS1,causal-robust,3,R',T2,2.0,0.1767766952966369
uplift_GNSS1,accel_GNSS1,causal-robust,3,R',T3,,0.1767766952966369
uplift_GNSS1,accel_GNSS1,causal-robust,3,R',T5,,0.1767766952966369
uplift_GNSS1,accel_GNSS1,causal-robust,3,R',CP,2.75,0.1767766952966369
uplift_GNSS1,accel_GNSS1,causal-robust,3,R',peak,-1.5,0.1767766952966369
uplift_GNSS1,accel_GNSS1,causal-robust,6,R,T2,-12.25,0.1767766952966369
uplift_GNSS1,accel_GNSS1,causal-robust,6,R,T3,,0.1767766952966369
uplift_GNSS1,accel_GNSS1,causal-robust,6,R,T5,,0.1767766952966369
uplift_GNSS1,accel_GNSS1,causal-robust,6,R,CP,12.5,0.1767766952966369
uplift_GNSS1,accel_GNSS1,causal-robust,6,R,peak,11.25,0.1767766952966369
uplift_GNSS1,accel_GNSS1,causal-robust,6,R',T2,-10.0,0.1767766952966369
uplift_GNSS1,accel_GNSS1,causal-robust,6,R',T3,10.75,0.1767766952966369
uplift_GNSS1,accel_GNSS1,causal-robust,6,R',T5,,0.1767766952966369
uplift_GNSS1,accel_GNSS1,causal-robust,6,R',CP,13.0,0.1767766952966369
uplift_GNSS1,accel_GNSS1,causal-robust,6,R',peak,11.25,0.1767766952966369
uplift_GNSS1,accel_GNSS1,causal-robust,12,R,T2,,0.1767766952966369
uplift_GNSS1,accel_GNSS1,causal-robust,12,R,T3,,0.1767766952966369
uplift_GNSS1,accel_GNSS1,causal-robust,12,R,T5,,0.1767766952966369
uplift_GNSS1,accel_GNSS1,causal-robust,12,R,CP,-37.75,0.1767766952966369
uplift_GNSS1,accel_GNSS1,causal-robust,12,R,peak,-8.75,0.1767766952966369
uplift_GNSS1,accel_GNSS1,causal-robust,12,R',T2,-27.5,0.1767766952966369
uplift_GNSS1,accel_GNSS1,causal-robust,12,R',T3,,0.1767766952966369
uplift_GNSS1,accel_GNSS1,causal-robust,12,R',T5,,0.1767766952966369
uplift_GNSS1,accel_GNSS1,causal-robust,12,R',CP,-37.0,0.1767766952966369
uplift_GNSS1,accel_GNSS1,causal-robust,12,R',peak,-8.75,0.1767766952966369
uplift_GNSS1,speed_GNSS2,centred,1,R,T2,,0.1767766952966369
uplift_GNSS1,speed_GNSS2,centred,1,R,T3,,0.1767766952966369
uplift_GNSS1,speed_GNSS2,centred,1,R,T5,,0.1767766952966369
uplift_GNSS1,speed_GNSS2,centred,1,R,CP,-3.5,0.1767766952966369
uplift_GNSS1,speed_GNSS2,centred,1,R,peak,0.0,0.1767766952966369
uplift_GNSS1,speed_GNSS2,centred,1,R',T2,8.25,0.1767766952966369
uplift_GNSS1,speed_GNSS2,centred,1,R',T3,-0.25,0.1767766952966369
uplift_GNSS1,speed_GNSS2,centred,1,R',T5,,0.1767766952966369
uplift_GNSS1,speed_GNSS2,centred,1,R',CP,-3.25,0.1767766952966369
uplift_GNSS1,speed_GNSS2,centred,1,R',peak,0.0,0.1767766952966369
uplift_GNSS1,speed_GNSS2,centred,3,R,T2,,0.1767766952966369
uplift_GNSS1,speed_GNSS2,centred,3,R,T3,,0.1767766952966369
uplift_GNSS1,speed_GNSS2,centred,3,R,T5,,0.1767766952966369
uplift_GNSS1,speed_GNSS2,centred,3,R,CP,-24.75,0.1767766952966369
uplift_GNSS1,speed_GNSS2,centred,3,R,peak,-23.75,0.1767766952966369
uplift_GNSS1,speed_GNSS2,centred,3,R',T2,-29.25,0.1767766952966369
uplift_GNSS1,speed_GNSS2,centred,3,R',T3,-49.75,0.1767766952966369
uplift_GNSS1,speed_GNSS2,centred,3,R',T5,,0.1767766952966369
uplift_GNSS1,speed_GNSS2,centred,3,R',CP,-51.0,0.1767766952966369
uplift_GNSS1,speed_GNSS2,centred,3,R',peak,-23.75,0.1767766952966369
uplift_GNSS1,speed_GNSS2,centred,6,R,T2,,0.1767766952966369
uplift_GNSS1,speed_GNSS2,centred,6,R,T3,,0.1767766952966369
uplift_GNSS1,speed_GNSS2,centred,6,R,T5,,0.1767766952966369
uplift_GNSS1,speed_GNSS2,centred,6,R,CP,-42.75,0.1767766952966369
uplift_GNSS1,speed_GNSS2,centred,6,R,peak,-38.5,0.1767766952966369
uplift_GNSS1,speed_GNSS2,centred,6,R',T2,-51.5,0.1767766952966369
uplift_GNSS1,speed_GNSS2,centred,6,R',T3,-52.75,0.1767766952966369
uplift_GNSS1,speed_GNSS2,centred,6,R',T5,,0.1767766952966369
uplift_GNSS1,speed_GNSS2,centred,6,R',CP,-43.75,0.1767766952966369
uplift_GNSS1,speed_GNSS2,centred,6,R',peak,-38.5,0.1767766952966369
uplift_GNSS1,speed_GNSS2,centred,12,R,T2,,0.1767766952966369
uplift_GNSS1,speed_GNSS2,centred,12,R,T3,,0.1767766952966369
uplift_GNSS1,speed_GNSS2,centred,12,R,T5,,0.1767766952966369
uplift_GNSS1,speed_GNSS2,centred,12,R,CP,-44.0,0.1767766952966369
uplift_GNSS1,speed_GNSS2,centred,12,R,peak,-38.25,0.1767766952966369
uplift_GNSS1,speed_GNSS2,centred,12,R',T2,-59.5,0.1767766952966369
uplift_GNSS1,speed_GNSS2,centred,12,R',T3,-63.75,0.1767766952966369
uplift_GNSS1,speed_GNSS2,centred,12,R',T5,,0.1767766952966369
uplift_GNSS1,speed_GNSS2,centred,12,R',CP,-39.5,0.1767766952966369
uplift_GNSS1,speed_GNSS2,centred,12,R',peak,-38.25,0.1767766952966369
uplift_GNSS1,speed_GNSS2,causal,1,R,T2,,0.1767766952966369
uplift_GNSS1,speed_GNSS2,causal,1,R,T3,,0.1767766952966369
uplift_GNSS1,speed_GNSS2,causal,1,R,T5,,0.1767766952966369
uplift_GNSS1,speed_GNSS2,causal,1,R,CP,-15.25,0.1767766952966369
uplift_GNSS1,speed_GNSS2,causal,1,R,peak,-15.5,0.1767766952966369
uplift_GNSS1,speed_GNSS2,causal,1,R',T2,,0.1767766952966369
uplift_GNSS1,speed_GNSS2,causal,1,R',T3,,0.1767766952966369
uplift_GNSS1,speed_GNSS2,causal,1,R',T5,,0.1767766952966369
uplift_GNSS1,speed_GNSS2,causal,1,R',CP,-15.0,0.1767766952966369
uplift_GNSS1,speed_GNSS2,causal,1,R',peak,-15.5,0.1767766952966369
uplift_GNSS1,speed_GNSS2,causal,3,R,T2,,0.1767766952966369
uplift_GNSS1,speed_GNSS2,causal,3,R,T3,,0.1767766952966369
uplift_GNSS1,speed_GNSS2,causal,3,R,T5,,0.1767766952966369
uplift_GNSS1,speed_GNSS2,causal,3,R,CP,-15.25,0.1767766952966369
uplift_GNSS1,speed_GNSS2,causal,3,R,peak,-15.5,0.1767766952966369
uplift_GNSS1,speed_GNSS2,causal,3,R',T2,0.5,0.1767766952966369
uplift_GNSS1,speed_GNSS2,causal,3,R',T3,,0.1767766952966369
uplift_GNSS1,speed_GNSS2,causal,3,R',T5,,0.1767766952966369
uplift_GNSS1,speed_GNSS2,causal,3,R',CP,-10.25,0.1767766952966369
uplift_GNSS1,speed_GNSS2,causal,3,R',peak,-15.5,0.1767766952966369
uplift_GNSS1,speed_GNSS2,causal,6,R,T2,,0.1767766952966369
uplift_GNSS1,speed_GNSS2,causal,6,R,T3,,0.1767766952966369
uplift_GNSS1,speed_GNSS2,causal,6,R,T5,,0.1767766952966369
uplift_GNSS1,speed_GNSS2,causal,6,R,CP,-14.25,0.1767766952966369
uplift_GNSS1,speed_GNSS2,causal,6,R,peak,-17.75,0.1767766952966369
uplift_GNSS1,speed_GNSS2,causal,6,R',T2,0.5,0.1767766952966369
uplift_GNSS1,speed_GNSS2,causal,6,R',T3,,0.1767766952966369
uplift_GNSS1,speed_GNSS2,causal,6,R',T5,,0.1767766952966369
uplift_GNSS1,speed_GNSS2,causal,6,R',CP,-13.75,0.1767766952966369
uplift_GNSS1,speed_GNSS2,causal,6,R',peak,-17.75,0.1767766952966369
uplift_GNSS1,speed_GNSS2,causal,12,R,T2,,0.1767766952966369
uplift_GNSS1,speed_GNSS2,causal,12,R,T3,,0.1767766952966369
uplift_GNSS1,speed_GNSS2,causal,12,R,T5,,0.1767766952966369
uplift_GNSS1,speed_GNSS2,causal,12,R,CP,-33.75,0.1767766952966369
uplift_GNSS1,speed_GNSS2,causal,12,R,peak,-48.0,0.1767766952966369
uplift_GNSS1,speed_GNSS2,causal,12,R',T2,,0.1767766952966369
uplift_GNSS1,speed_GNSS2,causal,12,R',T3,,0.1767766952966369
uplift_GNSS1,speed_GNSS2,causal,12,R',T5,,0.1767766952966369
uplift_GNSS1,speed_GNSS2,causal,12,R',CP,-33.25,0.1767766952966369
uplift_GNSS1,speed_GNSS2,causal,12,R',peak,-48.0,0.1767766952966369
uplift_GNSS1,speed_GNSS2,causal-robust,1,R,T2,,0.1767766952966369
uplift_GNSS1,speed_GNSS2,causal-robust,1,R,T3,,0.1767766952966369
uplift_GNSS1,speed_GNSS2,causal-robust,1,R,T5,,0.1767766952966369
uplift_GNSS1,speed_GNSS2,causal-robust,1,R,CP,-28.5,0.1767766952966369
uplift_GNSS1,speed_GNSS2,causal-robust,1,R,peak,-57.0,0.1767766952966369
uplift_GNSS1,speed_GNSS2,causal-robust,1,R',T2,,0.1767766952966369
uplift_GNSS1,speed_GNSS2,causal-robust,1,R',T3,,0.1767766952966369
uplift_GNSS1,speed_GNSS2,causal-robust,1,R',T5,,0.1767766952966369
uplift_GNSS1,speed_GNSS2,causal-robust,1,R',CP,-28.25,0.1767766952966369
uplift_GNSS1,speed_GNSS2,causal-robust,1,R',peak,-57.0,0.1767766952966369
uplift_GNSS1,speed_GNSS2,causal-robust,3,R,T2,,0.1767766952966369
uplift_GNSS1,speed_GNSS2,causal-robust,3,R,T3,,0.1767766952966369
uplift_GNSS1,speed_GNSS2,causal-robust,3,R,T5,,0.1767766952966369
uplift_GNSS1,speed_GNSS2,causal-robust,3,R,CP,-0.5,0.1767766952966369
uplift_GNSS1,speed_GNSS2,causal-robust,3,R,peak,-1.25,0.1767766952966369
uplift_GNSS1,speed_GNSS2,causal-robust,3,R',T2,1.75,0.1767766952966369
uplift_GNSS1,speed_GNSS2,causal-robust,3,R',T3,-27.5,0.1767766952966369
uplift_GNSS1,speed_GNSS2,causal-robust,3,R',T5,,0.1767766952966369
uplift_GNSS1,speed_GNSS2,causal-robust,3,R',CP,1.5,0.1767766952966369
uplift_GNSS1,speed_GNSS2,causal-robust,3,R',peak,-1.25,0.1767766952966369
uplift_GNSS1,speed_GNSS2,causal-robust,6,R,T2,-23.75,0.1767766952966369
uplift_GNSS1,speed_GNSS2,causal-robust,6,R,T3,,0.1767766952966369
uplift_GNSS1,speed_GNSS2,causal-robust,6,R,T5,,0.1767766952966369
uplift_GNSS1,speed_GNSS2,causal-robust,6,R,CP,-10.5,0.1767766952966369
uplift_GNSS1,speed_GNSS2,causal-robust,6,R,peak,-0.5,0.1767766952966369
uplift_GNSS1,speed_GNSS2,causal-robust,6,R',T2,-21.75,0.1767766952966369
uplift_GNSS1,speed_GNSS2,causal-robust,6,R',T3,-2.5,0.1767766952966369
uplift_GNSS1,speed_GNSS2,causal-robust,6,R',T5,,0.1767766952966369
uplift_GNSS1,speed_GNSS2,causal-robust,6,R',CP,-9.75,0.1767766952966369
uplift_GNSS1,speed_GNSS2,causal-robust,6,R',peak,-0.5,0.1767766952966369
uplift_GNSS1,speed_GNSS2,causal-robust,12,R,T2,,0.1767766952966369
uplift_GNSS1,speed_GNSS2,causal-robust,12,R,T3,,0.1767766952966369
uplift_GNSS1,speed_GNSS2,causal-robust,12,R,T5,,0.1767766952966369
uplift_GNSS1,speed_GNSS2,causal-robust,12,R,CP,-41.5,0.1767766952966369
uplift_GNSS1,speed_GNSS2,causal-robust,12,R,peak,2.5,0.1767766952966369
uplift_GNSS1,speed_GNSS2,causal-robust,12,R',T2,-42.5,0.1767766952966369
uplift_GNSS1,speed_GNSS2,causal-robust,12,R',T3,,0.1767766952966369
uplift_GNSS1,speed_GNSS2,causal-robust,12,R',T5,,0.1767766952966369
uplift_GNSS1,speed_GNSS2,causal-robust,12,R',CP,-39.5,0.1767766952966369
uplift_GNSS1,speed_GNSS2,causal-robust,12,R',peak,2.5,0.1767766952966369
tpos,speed_GNSS1,centred,1,R,T2,32.5,0.1502313031443329
tpos,speed_GNSS1,centred,1,R,T3,33.0,0.1502313031443329
tpos,speed_GNSS1,centred,1,R,T5,,0.1502313031443329
tpos,speed_GNSS1,centred,1,R,CP,40.5,0.1502313031443329
tpos,speed_GNSS1,centred,1,R,peak,18.0,0.1502313031443329
tpos,speed_GNSS1,centred,1,R',T2,32.75,0.1502313031443329
tpos,speed_GNSS1,centred,1,R',T3,33.25,0.1502313031443329
tpos,speed_GNSS1,centred,1,R',T5,,0.1502313031443329
tpos,speed_GNSS1,centred,1,R',CP,39.0,0.1502313031443329
tpos,speed_GNSS1,centred,1,R',peak,18.0,0.1502313031443329
tpos,speed_GNSS1,centred,3,R,T2,19.25,0.1502313031443329
tpos,speed_GNSS1,centred,3,R,T3,31.0,0.1502313031443329
tpos,speed_GNSS1,centred,3,R,T5,37.75,0.1502313031443329
tpos,speed_GNSS1,centred,3,R,CP,21.75,0.1502313031443329
tpos,speed_GNSS1,centred,3,R,peak,33.5,0.1502313031443329
tpos,speed_GNSS1,centred,3,R',T2,8.75,0.1502313031443329
tpos,speed_GNSS1,centred,3,R',T3,17.5,0.1502313031443329
tpos,speed_GNSS1,centred,3,R',T5,11.5,0.1502313031443329
tpos,speed_GNSS1,centred,3,R',CP,11.5,0.1502313031443329
tpos,speed_GNSS1,centred,3,R',peak,33.5,0.1502313031443329
tpos,speed_GNSS1,centred,6,R,T2,17.75,0.1502313031443329
tpos,speed_GNSS1,centred,6,R,T3,22.25,0.1502313031443329
tpos,speed_GNSS1,centred,6,R,T5,,0.1502313031443329
tpos,speed_GNSS1,centred,6,R,CP,23.25,0.1502313031443329
tpos,speed_GNSS1,centred,6,R,peak,35.0,0.1502313031443329
tpos,speed_GNSS1,centred,6,R',T2,16.75,0.1502313031443329
tpos,speed_GNSS1,centred,6,R',T3,18.75,0.1502313031443329
tpos,speed_GNSS1,centred,6,R',T5,,0.1502313031443329
tpos,speed_GNSS1,centred,6,R',CP,17.75,0.1502313031443329
tpos,speed_GNSS1,centred,6,R',peak,35.0,0.1502313031443329
tpos,speed_GNSS1,centred,12,R,T2,5.0,0.1502313031443329
tpos,speed_GNSS1,centred,12,R,T3,,0.1502313031443329
tpos,speed_GNSS1,centred,12,R,T5,,0.1502313031443329
tpos,speed_GNSS1,centred,12,R,CP,27.5,0.1502313031443329
tpos,speed_GNSS1,centred,12,R,peak,35.75,0.1502313031443329
tpos,speed_GNSS1,centred,12,R',T2,3.5,0.1502313031443329
tpos,speed_GNSS1,centred,12,R',T3,,0.1502313031443329
tpos,speed_GNSS1,centred,12,R',T5,,0.1502313031443329
tpos,speed_GNSS1,centred,12,R',CP,17.5,0.1502313031443329
tpos,speed_GNSS1,centred,12,R',peak,35.75,0.1502313031443329
tpos,speed_GNSS1,causal,1,R,T2,,0.1502313031443329
tpos,speed_GNSS1,causal,1,R,T3,,0.1502313031443329
tpos,speed_GNSS1,causal,1,R,T5,,0.1502313031443329
tpos,speed_GNSS1,causal,1,R,CP,42.5,0.1502313031443329
tpos,speed_GNSS1,causal,1,R,peak,19.0,0.1502313031443329
tpos,speed_GNSS1,causal,1,R',T2,,0.1502313031443329
tpos,speed_GNSS1,causal,1,R',T3,,0.1502313031443329
tpos,speed_GNSS1,causal,1,R',T5,,0.1502313031443329
tpos,speed_GNSS1,causal,1,R',CP,41.25,0.1502313031443329
tpos,speed_GNSS1,causal,1,R',peak,19.0,0.1502313031443329
tpos,speed_GNSS1,causal,3,R,T2,,0.1502313031443329
tpos,speed_GNSS1,causal,3,R,T3,,0.1502313031443329
tpos,speed_GNSS1,causal,3,R,T5,,0.1502313031443329
tpos,speed_GNSS1,causal,3,R,CP,35.0,0.1502313031443329
tpos,speed_GNSS1,causal,3,R,peak,33.25,0.1502313031443329
tpos,speed_GNSS1,causal,3,R',T2,,0.1502313031443329
tpos,speed_GNSS1,causal,3,R',T3,,0.1502313031443329
tpos,speed_GNSS1,causal,3,R',T5,,0.1502313031443329
tpos,speed_GNSS1,causal,3,R',CP,35.0,0.1502313031443329
tpos,speed_GNSS1,causal,3,R',peak,33.25,0.1502313031443329
tpos,speed_GNSS1,causal,6,R,T2,,0.1502313031443329
tpos,speed_GNSS1,causal,6,R,T3,,0.1502313031443329
tpos,speed_GNSS1,causal,6,R,T5,,0.1502313031443329
tpos,speed_GNSS1,causal,6,R,CP,38.5,0.1502313031443329
tpos,speed_GNSS1,causal,6,R,peak,21.75,0.1502313031443329
tpos,speed_GNSS1,causal,6,R',T2,,0.1502313031443329
tpos,speed_GNSS1,causal,6,R',T3,,0.1502313031443329
tpos,speed_GNSS1,causal,6,R',T5,,0.1502313031443329
tpos,speed_GNSS1,causal,6,R',CP,37.5,0.1502313031443329
tpos,speed_GNSS1,causal,6,R',peak,21.75,0.1502313031443329
tpos,speed_GNSS1,causal,12,R,T2,,0.1502313031443329
tpos,speed_GNSS1,causal,12,R,T3,,0.1502313031443329
tpos,speed_GNSS1,causal,12,R,T5,,0.1502313031443329
tpos,speed_GNSS1,causal,12,R,CP,37.5,0.1502313031443329
tpos,speed_GNSS1,causal,12,R,peak,21.75,0.1502313031443329
tpos,speed_GNSS1,causal,12,R',T2,,0.1502313031443329
tpos,speed_GNSS1,causal,12,R',T3,,0.1502313031443329
tpos,speed_GNSS1,causal,12,R',T5,,0.1502313031443329
tpos,speed_GNSS1,causal,12,R',CP,36.25,0.1502313031443329
tpos,speed_GNSS1,causal,12,R',peak,21.75,0.1502313031443329
tpos,speed_GNSS1,causal-robust,1,R,T2,45.25,0.1502313031443329
tpos,speed_GNSS1,causal-robust,1,R,T3,,0.1502313031443329
tpos,speed_GNSS1,causal-robust,1,R,T5,,0.1502313031443329
tpos,speed_GNSS1,causal-robust,1,R,CP,42.5,0.1502313031443329
tpos,speed_GNSS1,causal-robust,1,R,peak,19.0,0.1502313031443329
tpos,speed_GNSS1,causal-robust,1,R',T2,45.25,0.1502313031443329
tpos,speed_GNSS1,causal-robust,1,R',T3,,0.1502313031443329
tpos,speed_GNSS1,causal-robust,1,R',T5,,0.1502313031443329
tpos,speed_GNSS1,causal-robust,1,R',CP,41.25,0.1502313031443329
tpos,speed_GNSS1,causal-robust,1,R',peak,19.0,0.1502313031443329
tpos,speed_GNSS1,causal-robust,3,R,T2,22.25,0.1502313031443329
tpos,speed_GNSS1,causal-robust,3,R,T3,35.25,0.1502313031443329
tpos,speed_GNSS1,causal-robust,3,R,T5,,0.1502313031443329
tpos,speed_GNSS1,causal-robust,3,R,CP,42.25,0.1502313031443329
tpos,speed_GNSS1,causal-robust,3,R,peak,46.5,0.1502313031443329
tpos,speed_GNSS1,causal-robust,3,R',T2,22.25,0.1502313031443329
tpos,speed_GNSS1,causal-robust,3,R',T3,35.25,0.1502313031443329
tpos,speed_GNSS1,causal-robust,3,R',T5,,0.1502313031443329
tpos,speed_GNSS1,causal-robust,3,R',CP,42.25,0.1502313031443329
tpos,speed_GNSS1,causal-robust,3,R',peak,46.5,0.1502313031443329
tpos,speed_GNSS1,causal-robust,6,R,T2,22.75,0.1502313031443329
tpos,speed_GNSS1,causal-robust,6,R,T3,23.5,0.1502313031443329
tpos,speed_GNSS1,causal-robust,6,R,T5,43.75,0.1502313031443329
tpos,speed_GNSS1,causal-robust,6,R,CP,24.0,0.1502313031443329
tpos,speed_GNSS1,causal-robust,6,R,peak,35.25,0.1502313031443329
tpos,speed_GNSS1,causal-robust,6,R',T2,23.75,0.1502313031443329
tpos,speed_GNSS1,causal-robust,6,R',T3,35.25,0.1502313031443329
tpos,speed_GNSS1,causal-robust,6,R',T5,44.25,0.1502313031443329
tpos,speed_GNSS1,causal-robust,6,R',CP,35.75,0.1502313031443329
tpos,speed_GNSS1,causal-robust,6,R',peak,35.25,0.1502313031443329
tpos,speed_GNSS1,causal-robust,12,R,T2,24.25,0.1502313031443329
tpos,speed_GNSS1,causal-robust,12,R,T3,25.75,0.1502313031443329
tpos,speed_GNSS1,causal-robust,12,R,T5,41.25,0.1502313031443329
tpos,speed_GNSS1,causal-robust,12,R,CP,25.0,0.1502313031443329
tpos,speed_GNSS1,causal-robust,12,R,peak,38.25,0.1502313031443329
tpos,speed_GNSS1,causal-robust,12,R',T2,24.25,0.1502313031443329
tpos,speed_GNSS1,causal-robust,12,R',T3,24.25,0.1502313031443329
tpos,speed_GNSS1,causal-robust,12,R',T5,25.75,0.1502313031443329
tpos,speed_GNSS1,causal-robust,12,R',CP,24.5,0.1502313031443329
tpos,speed_GNSS1,causal-robust,12,R',peak,38.25,0.1502313031443329
tpos,accel_GNSS1,centred,1,R,T2,75.75,0.1502313031443329
tpos,accel_GNSS1,centred,1,R,T3,,0.1502313031443329
tpos,accel_GNSS1,centred,1,R,T5,,0.1502313031443329
tpos,accel_GNSS1,centred,1,R,CP,84.0,0.1502313031443329
tpos,accel_GNSS1,centred,1,R,peak,60.0,0.1502313031443329
tpos,accel_GNSS1,centred,1,R',T2,,0.1502313031443329
tpos,accel_GNSS1,centred,1,R',T3,,0.1502313031443329
tpos,accel_GNSS1,centred,1,R',T5,,0.1502313031443329
tpos,accel_GNSS1,centred,1,R',CP,82.5,0.1502313031443329
tpos,accel_GNSS1,centred,1,R',peak,60.0,0.1502313031443329
tpos,accel_GNSS1,centred,3,R,T2,18.75,0.1502313031443329
tpos,accel_GNSS1,centred,3,R,T3,30.75,0.1502313031443329
tpos,accel_GNSS1,centred,3,R,T5,,0.1502313031443329
tpos,accel_GNSS1,centred,3,R,CP,47.0,0.1502313031443329
tpos,accel_GNSS1,centred,3,R,peak,31.5,0.1502313031443329
tpos,accel_GNSS1,centred,3,R',T2,5.0,0.1502313031443329
tpos,accel_GNSS1,centred,3,R',T3,5.0,0.1502313031443329
tpos,accel_GNSS1,centred,3,R',T5,22.5,0.1502313031443329
tpos,accel_GNSS1,centred,3,R',CP,45.75,0.1502313031443329
tpos,accel_GNSS1,centred,3,R',peak,31.5,0.1502313031443329
tpos,accel_GNSS1,centred,6,R,T2,,0.1502313031443329
tpos,accel_GNSS1,centred,6,R,T3,,0.1502313031443329
tpos,accel_GNSS1,centred,6,R,T5,,0.1502313031443329
tpos,accel_GNSS1,centred,6,R,CP,13.0,0.1502313031443329
tpos,accel_GNSS1,centred,6,R,peak,32.0,0.1502313031443329
tpos,accel_GNSS1,centred,6,R',T2,6.0,0.1502313031443329
tpos,accel_GNSS1,centred,6,R',T3,5.25,0.1502313031443329
tpos,accel_GNSS1,centred,6,R',T5,,0.1502313031443329
tpos,accel_GNSS1,centred,6,R',CP,4.75,0.1502313031443329
tpos,accel_GNSS1,centred,6,R',peak,32.0,0.1502313031443329
tpos,accel_GNSS1,centred,12,R,T2,10.25,0.1502313031443329
tpos,accel_GNSS1,centred,12,R,T3,,0.1502313031443329
tpos,accel_GNSS1,centred,12,R,T5,,0.1502313031443329
tpos,accel_GNSS1,centred,12,R,CP,26.25,0.1502313031443329
tpos,accel_GNSS1,centred,12,R,peak,21.25,0.1502313031443329
tpos,accel_GNSS1,centred,12,R',T2,6.75,0.1502313031443329
tpos,accel_GNSS1,centred,12,R',T3,,0.1502313031443329
tpos,accel_GNSS1,centred,12,R',T5,,0.1502313031443329
tpos,accel_GNSS1,centred,12,R',CP,14.25,0.1502313031443329
tpos,accel_GNSS1,centred,12,R',peak,21.25,0.1502313031443329
tpos,accel_GNSS1,causal,1,R,T2,,0.1502313031443329
tpos,accel_GNSS1,causal,1,R,T3,,0.1502313031443329
tpos,accel_GNSS1,causal,1,R,T5,,0.1502313031443329
tpos,accel_GNSS1,causal,1,R,CP,42.5,0.1502313031443329
tpos,accel_GNSS1,causal,1,R,peak,19.0,0.1502313031443329
tpos,accel_GNSS1,causal,1,R',T2,,0.1502313031443329
tpos,accel_GNSS1,causal,1,R',T3,,0.1502313031443329
tpos,accel_GNSS1,causal,1,R',T5,,0.1502313031443329
tpos,accel_GNSS1,causal,1,R',CP,41.25,0.1502313031443329
tpos,accel_GNSS1,causal,1,R',peak,19.0,0.1502313031443329
tpos,accel_GNSS1,causal,3,R,T2,,0.1502313031443329
tpos,accel_GNSS1,causal,3,R,T3,,0.1502313031443329
tpos,accel_GNSS1,causal,3,R,T5,,0.1502313031443329
tpos,accel_GNSS1,causal,3,R,CP,35.0,0.1502313031443329
tpos,accel_GNSS1,causal,3,R,peak,33.25,0.1502313031443329
tpos,accel_GNSS1,causal,3,R',T2,,0.1502313031443329
tpos,accel_GNSS1,causal,3,R',T3,,0.1502313031443329
tpos,accel_GNSS1,causal,3,R',T5,,0.1502313031443329
tpos,accel_GNSS1,causal,3,R',CP,35.0,0.1502313031443329
tpos,accel_GNSS1,causal,3,R',peak,33.25,0.1502313031443329
tpos,accel_GNSS1,causal,6,R,T2,34.0,0.1502313031443329
tpos,accel_GNSS1,causal,6,R,T3,,0.1502313031443329
tpos,accel_GNSS1,causal,6,R,T5,,0.1502313031443329
tpos,accel_GNSS1,causal,6,R,CP,38.5,0.1502313031443329
tpos,accel_GNSS1,causal,6,R,peak,21.75,0.1502313031443329
tpos,accel_GNSS1,causal,6,R',T2,34.0,0.1502313031443329
tpos,accel_GNSS1,causal,6,R',T3,,0.1502313031443329
tpos,accel_GNSS1,causal,6,R',T5,,0.1502313031443329
tpos,accel_GNSS1,causal,6,R',CP,37.5,0.1502313031443329
tpos,accel_GNSS1,causal,6,R',peak,21.75,0.1502313031443329
tpos,accel_GNSS1,causal,12,R,T2,,0.1502313031443329
tpos,accel_GNSS1,causal,12,R,T3,,0.1502313031443329
tpos,accel_GNSS1,causal,12,R,T5,,0.1502313031443329
tpos,accel_GNSS1,causal,12,R,CP,37.5,0.1502313031443329
tpos,accel_GNSS1,causal,12,R,peak,21.75,0.1502313031443329
tpos,accel_GNSS1,causal,12,R',T2,,0.1502313031443329
tpos,accel_GNSS1,causal,12,R',T3,,0.1502313031443329
tpos,accel_GNSS1,causal,12,R',T5,,0.1502313031443329
tpos,accel_GNSS1,causal,12,R',CP,36.25,0.1502313031443329
tpos,accel_GNSS1,causal,12,R',peak,21.75,0.1502313031443329
tpos,accel_GNSS1,causal-robust,1,R,T2,,0.1502313031443329
tpos,accel_GNSS1,causal-robust,1,R,T3,,0.1502313031443329
tpos,accel_GNSS1,causal-robust,1,R,T5,,0.1502313031443329
tpos,accel_GNSS1,causal-robust,1,R,CP,42.5,0.1502313031443329
tpos,accel_GNSS1,causal-robust,1,R,peak,19.0,0.1502313031443329
tpos,accel_GNSS1,causal-robust,1,R',T2,,0.1502313031443329
tpos,accel_GNSS1,causal-robust,1,R',T3,,0.1502313031443329
tpos,accel_GNSS1,causal-robust,1,R',T5,,0.1502313031443329
tpos,accel_GNSS1,causal-robust,1,R',CP,41.25,0.1502313031443329
tpos,accel_GNSS1,causal-robust,1,R',peak,19.0,0.1502313031443329
tpos,accel_GNSS1,causal-robust,3,R,T2,7.5,0.1502313031443329
tpos,accel_GNSS1,causal-robust,3,R,T3,,0.1502313031443329
tpos,accel_GNSS1,causal-robust,3,R,T5,,0.1502313031443329
tpos,accel_GNSS1,causal-robust,3,R,CP,32.0,0.1502313031443329
tpos,accel_GNSS1,causal-robust,3,R,peak,33.75,0.1502313031443329
tpos,accel_GNSS1,causal-robust,3,R',T2,7.25,0.1502313031443329
tpos,accel_GNSS1,causal-robust,3,R',T3,,0.1502313031443329
tpos,accel_GNSS1,causal-robust,3,R',T5,,0.1502313031443329
tpos,accel_GNSS1,causal-robust,3,R',CP,32.0,0.1502313031443329
tpos,accel_GNSS1,causal-robust,3,R',peak,33.75,0.1502313031443329
tpos,accel_GNSS1,causal-robust,6,R,T2,23.75,0.1502313031443329
tpos,accel_GNSS1,causal-robust,6,R,T3,46.5,0.1502313031443329
tpos,accel_GNSS1,causal-robust,6,R,T5,,0.1502313031443329
tpos,accel_GNSS1,causal-robust,6,R,CP,49.0,0.1502313031443329
tpos,accel_GNSS1,causal-robust,6,R,peak,35.0,0.1502313031443329
tpos,accel_GNSS1,causal-robust,6,R',T2,23.75,0.1502313031443329
tpos,accel_GNSS1,causal-robust,6,R',T3,46.5,0.1502313031443329
tpos,accel_GNSS1,causal-robust,6,R',T5,,0.1502313031443329
tpos,accel_GNSS1,causal-robust,6,R',CP,48.0,0.1502313031443329
tpos,accel_GNSS1,causal-robust,6,R',peak,35.0,0.1502313031443329
tpos,accel_GNSS1,causal-robust,12,R,T2,44.25,0.1502313031443329
tpos,accel_GNSS1,causal-robust,12,R,T3,45.75,0.1502313031443329
tpos,accel_GNSS1,causal-robust,12,R,T5,,0.1502313031443329
tpos,accel_GNSS1,causal-robust,12,R,CP,18.0,0.1502313031443329
tpos,accel_GNSS1,causal-robust,12,R,peak,37.25,0.1502313031443329
tpos,accel_GNSS1,causal-robust,12,R',T2,30.0,0.1502313031443329
tpos,accel_GNSS1,causal-robust,12,R',T3,45.0,0.1502313031443329
tpos,accel_GNSS1,causal-robust,12,R',T5,46.0,0.1502313031443329
tpos,accel_GNSS1,causal-robust,12,R',CP,17.0,0.1502313031443329
tpos,accel_GNSS1,causal-robust,12,R',peak,37.25,0.1502313031443329
tpos,speed_GNSS2,centred,1,R,T2,17.25,0.1502313031443329
tpos,speed_GNSS2,centred,1,R,T3,32.75,0.1502313031443329
tpos,speed_GNSS2,centred,1,R,T5,,0.1502313031443329
tpos,speed_GNSS2,centred,1,R,CP,37.0,0.1502313031443329
tpos,speed_GNSS2,centred,1,R,peak,18.0,0.1502313031443329
tpos,speed_GNSS2,centred,1,R',T2,17.25,0.1502313031443329
tpos,speed_GNSS2,centred,1,R',T3,33.25,0.1502313031443329
tpos,speed_GNSS2,centred,1,R',T5,,0.1502313031443329
tpos,speed_GNSS2,centred,1,R',CP,35.5,0.1502313031443329
tpos,speed_GNSS2,centred,1,R',peak,18.0,0.1502313031443329
tpos,speed_GNSS2,centred,3,R,T2,6.75,0.1502313031443329
tpos,speed_GNSS2,centred,3,R,T3,29.5,0.1502313031443329
tpos,speed_GNSS2,centred,3,R,T5,,0.1502313031443329
tpos,speed_GNSS2,centred,3,R,CP,32.75,0.1502313031443329
tpos,speed_GNSS2,centred,3,R,peak,21.5,0.1502313031443329
tpos,speed_GNSS2,centred,3,R',T2,3.5,0.1502313031443329
tpos,speed_GNSS2,centred,3,R',T3,3.25,0.1502313031443329
tpos,speed_GNSS2,centred,3,R',T5,-3.25,0.1502313031443329
tpos,speed_GNSS2,centred,3,R',CP,4.5,0.1502313031443329
tpos,speed_GNSS2,centred,3,R',peak,21.5,0.1502313031443329
tpos,speed_GNSS2,centred,6,R,T2,19.25,0.1502313031443329
tpos,speed_GNSS2,centred,6,R,T3,21.0,0.1502313031443329
tpos,speed_GNSS2,centred,6,R,T5,,0.1502313031443329
tpos,speed_GNSS2,centred,6,R,CP,13.5,0.1502313031443329
tpos,speed_GNSS2,centred,6,R,peak,36.5,0.1502313031443329
tpos,speed_GNSS2,centred,6,R',T2,2.5,0.1502313031443329
tpos,speed_GNSS2,centred,6,R',T3,1.25,0.1502313031443329
tpos,speed_GNSS2,centred,6,R',T5,,0.1502313031443329
tpos,speed_GNSS2,centred,6,R',CP,6.0,0.1502313031443329
tpos,speed_GNSS2,centred,6,R',peak,36.5,0.1502313031443329
tpos,speed_GNSS2,centred,12,R,T2,-1.25,0.1502313031443329
tpos,speed_GNSS2,centred,12,R,T3,,0.1502313031443329
tpos,speed_GNSS2,centred,12,R,T5,,0.1502313031443329
tpos,speed_GNSS2,centred,12,R,CP,20.25,0.1502313031443329
tpos,speed_GNSS2,centred,12,R,peak,32.25,0.1502313031443329
tpos,speed_GNSS2,centred,12,R',T2,-1.75,0.1502313031443329
tpos,speed_GNSS2,centred,12,R',T3,,0.1502313031443329
tpos,speed_GNSS2,centred,12,R',T5,,0.1502313031443329
tpos,speed_GNSS2,centred,12,R',CP,10.5,0.1502313031443329
tpos,speed_GNSS2,centred,12,R',peak,32.25,0.1502313031443329
tpos,speed_GNSS2,causal,1,R,T2,,0.1502313031443329
tpos,speed_GNSS2,causal,1,R,T3,,0.1502313031443329
tpos,speed_GNSS2,causal,1,R,T5,,0.1502313031443329
tpos,speed_GNSS2,causal,1,R,CP,26.25,0.1502313031443329
tpos,speed_GNSS2,causal,1,R,peak,2.75,0.1502313031443329
tpos,speed_GNSS2,causal,1,R',T2,,0.1502313031443329
tpos,speed_GNSS2,causal,1,R',T3,,0.1502313031443329
tpos,speed_GNSS2,causal,1,R',T5,,0.1502313031443329
tpos,speed_GNSS2,causal,1,R',CP,25.0,0.1502313031443329
tpos,speed_GNSS2,causal,1,R',peak,2.75,0.1502313031443329
tpos,speed_GNSS2,causal,3,R,T2,34.5,0.1502313031443329
tpos,speed_GNSS2,causal,3,R,T3,,0.1502313031443329
tpos,speed_GNSS2,causal,3,R,T5,,0.1502313031443329
tpos,speed_GNSS2,causal,3,R,CP,18.75,0.1502313031443329
tpos,speed_GNSS2,causal,3,R,peak,17.0,0.1502313031443329
tpos,speed_GNSS2,causal,3,R',T2,34.5,0.1502313031443329
tpos,speed_GNSS2,causal,3,R',T3,,0.1502313031443329
tpos,speed_GNSS2,causal,3,R',T5,,0.1502313031443329
tpos,speed_GNSS2,causal,3,R',CP,18.75,0.1502313031443329
tpos,speed_GNSS2,causal,3,R',peak,17.0,0.1502313031443329
tpos,speed_GNSS2,causal,6,R,T2,34.25,0.1502313031443329
tpos,speed_GNSS2,causal,6,R,T3,,0.1502313031443329
tpos,speed_GNSS2,causal,6,R,T5,,0.1502313031443329
tpos,speed_GNSS2,causal,6,R,CP,22.25,0.1502313031443329
tpos,speed_GNSS2,causal,6,R,peak,5.5,0.1502313031443329
tpos,speed_GNSS2,causal,6,R',T2,34.25,0.1502313031443329
tpos,speed_GNSS2,causal,6,R',T3,,0.1502313031443329
tpos,speed_GNSS2,causal,6,R',T5,,0.1502313031443329
tpos,speed_GNSS2,causal,6,R',CP,21.25,0.1502313031443329
tpos,speed_GNSS2,causal,6,R',peak,5.5,0.1502313031443329
tpos,speed_GNSS2,causal,12,R,T2,34.0,0.1502313031443329
tpos,speed_GNSS2,causal,12,R,T3,,0.1502313031443329
tpos,speed_GNSS2,causal,12,R,T5,,0.1502313031443329
tpos,speed_GNSS2,causal,12,R,CP,21.25,0.1502313031443329
tpos,speed_GNSS2,causal,12,R,peak,5.5,0.1502313031443329
tpos,speed_GNSS2,causal,12,R',T2,34.5,0.1502313031443329
tpos,speed_GNSS2,causal,12,R',T3,34.0,0.1502313031443329
tpos,speed_GNSS2,causal,12,R',T5,,0.1502313031443329
tpos,speed_GNSS2,causal,12,R',CP,20.0,0.1502313031443329
tpos,speed_GNSS2,causal,12,R',peak,5.5,0.1502313031443329
tpos,speed_GNSS2,causal-robust,1,R,T2,45.25,0.1502313031443329
tpos,speed_GNSS2,causal-robust,1,R,T3,,0.1502313031443329
tpos,speed_GNSS2,causal-robust,1,R,T5,,0.1502313031443329
tpos,speed_GNSS2,causal-robust,1,R,CP,26.25,0.1502313031443329
tpos,speed_GNSS2,causal-robust,1,R,peak,2.75,0.1502313031443329
tpos,speed_GNSS2,causal-robust,1,R',T2,5.75,0.1502313031443329
tpos,speed_GNSS2,causal-robust,1,R',T3,,0.1502313031443329
tpos,speed_GNSS2,causal-robust,1,R',T5,,0.1502313031443329
tpos,speed_GNSS2,causal-robust,1,R',CP,25.0,0.1502313031443329
tpos,speed_GNSS2,causal-robust,1,R',peak,2.75,0.1502313031443329
tpos,speed_GNSS2,causal-robust,3,R,T2,22.25,0.1502313031443329
tpos,speed_GNSS2,causal-robust,3,R,T3,34.5,0.1502313031443329
tpos,speed_GNSS2,causal-robust,3,R,T5,34.5,0.1502313031443329
tpos,speed_GNSS2,causal-robust,3,R,CP,32.25,0.1502313031443329
tpos,speed_GNSS2,causal-robust,3,R,peak,34.0,0.1502313031443329
tpos,speed_GNSS2,causal-robust,3,R',T2,7.0,0.1502313031443329
tpos,speed_GNSS2,causal-robust,3,R',T3,8.75,0.1502313031443329
tpos,speed_GNSS2,causal-robust,3,R',T5,34.25,0.1502313031443329
tpos,speed_GNSS2,causal-robust,3,R',CP,30.75,0.1502313031443329
tpos,speed_GNSS2,causal-robust,3,R',peak,34.0,0.1502313031443329
tpos,speed_GNSS2,causal-robust,6,R,T2,12.25,0.1502313031443329
tpos,speed_GNSS2,causal-robust,6,R,T3,33.5,0.1502313031443329
tpos,speed_GNSS2,causal-robust,6,R,T5,34.0,0.1502313031443329
tpos,speed_GNSS2,causal-robust,6,R,CP,26.0,0.1502313031443329
tpos,speed_GNSS2,causal-robust,6,R,peak,23.25,0.1502313031443329
tpos,speed_GNSS2,causal-robust,6,R',T2,12.0,0.1502313031443329
tpos,speed_GNSS2,causal-robust,6,R',T3,33.25,0.1502313031443329
tpos,speed_GNSS2,causal-robust,6,R',T5,34.25,0.1502313031443329
tpos,speed_GNSS2,causal-robust,6,R',CP,25.25,0.1502313031443329
tpos,speed_GNSS2,causal-robust,6,R',peak,23.25,0.1502313031443329
tpos,speed_GNSS2,causal-robust,12,R,T2,26.0,0.1502313031443329
tpos,speed_GNSS2,causal-robust,12,R,T3,31.5,0.1502313031443329
tpos,speed_GNSS2,causal-robust,12,R,T5,33.0,0.1502313031443329
tpos,speed_GNSS2,causal-robust,12,R,CP,14.25,0.1502313031443329
tpos,speed_GNSS2,causal-robust,12,R,peak,48.5,0.1502313031443329
tpos,speed_GNSS2,causal-robust,12,R',T2,15.0,0.1502313031443329
tpos,speed_GNSS2,causal-robust,12,R',T3,26.0,0.1502313031443329
tpos,speed_GNSS2,causal-robust,12,R',T5,31.25,0.1502313031443329
tpos,speed_GNSS2,causal-robust,12,R',CP,14.5,0.1502313031443329
tpos,speed_GNSS2,causal-robust,12,R',peak,48.5,0.1502313031443329
tpos,level,centred,1,R,T2,27.25,0.08374896350934075
tpos,level,centred,1,R,T3,28.25,0.08374896350934075
tpos,level,centred,1,R,T5,31.0,0.08374896350934075
tpos,level,centred,1,R,CP,37.75,0.08374896350934075
tpos,level,centred,1,R,peak,29.75,0.08374896350934075
tpos,level,centred,1,R',T2,25.5,0.08374896350934075
tpos,level,centred,1,R',T3,26.0,0.08374896350934075
tpos,level,centred,1,R',T5,,0.08374896350934075
tpos,level,centred,1,R',CP,35.5,0.08374896350934075
tpos,level,centred,1,R',peak,29.75,0.08374896350934075
tpos,level,centred,3,R,T2,27.5,0.08374896350934075
tpos,level,centred,3,R,T3,28.75,0.08374896350934075
tpos,level,centred,3,R,T5,26.5,0.08374896350934075
tpos,level,centred,3,R,CP,35.0,0.08374896350934075
tpos,level,centred,3,R,peak,34.5,0.08374896350934075
tpos,level,centred,3,R',T2,25.0,0.08374896350934075
tpos,level,centred,3,R',T3,25.25,0.08374896350934075
tpos,level,centred,3,R',T5,19.25,0.08374896350934075
tpos,level,centred,3,R',CP,33.25,0.08374896350934075
tpos,level,centred,3,R',peak,34.5,0.08374896350934075
tpos,level,centred,6,R,T2,26.25,0.08374896350934075
tpos,level,centred,6,R,T3,25.25,0.08374896350934075
tpos,level,centred,6,R,T5,,0.08374896350934075
tpos,level,centred,6,R,CP,36.5,0.08374896350934075
tpos,level,centred,6,R,peak,38.25,0.08374896350934075
tpos,level,centred,6,R',T2,23.5,0.08374896350934075
tpos,level,centred,6,R',T3,21.75,0.08374896350934075
tpos,level,centred,6,R',T5,,0.08374896350934075
tpos,level,centred,6,R',CP,31.75,0.08374896350934075
tpos,level,centred,6,R',peak,38.25,0.08374896350934075
tpos,level,centred,12,R,T2,20.0,0.08374896350934075
tpos,level,centred,12,R,T3,,0.08374896350934075
tpos,level,centred,12,R,T5,,0.08374896350934075
tpos,level,centred,12,R,CP,38.0,0.08374896350934075
tpos,level,centred,12,R,peak,42.75,0.08374896350934075
tpos,level,centred,12,R',T2,15.75,0.08374896350934075
tpos,level,centred,12,R',T3,,0.08374896350934075
tpos,level,centred,12,R',T5,,0.08374896350934075
tpos,level,centred,12,R',CP,26.75,0.08374896350934075
tpos,level,centred,12,R',peak,42.75,0.08374896350934075
tpos,level,causal,1,R,T2,26.75,0.08374896350934075
tpos,level,causal,1,R,T3,27.5,0.08374896350934075
tpos,level,causal,1,R,T5,,0.08374896350934075
tpos,level,causal,1,R,CP,37.5,0.08374896350934075
tpos,level,causal,1,R,peak,31.0,0.08374896350934075
tpos,level,causal,1,R',T2,25.75,0.08374896350934075
tpos,level,causal,1,R',T3,26.25,0.08374896350934075
tpos,level,causal,1,R',T5,,0.08374896350934075
tpos,level,causal,1,R',CP,35.75,0.08374896350934075
tpos,level,causal,1,R',peak,31.0,0.08374896350934075
tpos,level,causal,3,R,T2,27.25,0.08374896350934075
tpos,level,causal,3,R,T3,28.0,0.08374896350934075
tpos,level,causal,3,R,T5,29.25,0.08374896350934075
tpos,level,causal,3,R,CP,30.25,0.08374896350934075
tpos,level,causal,3,R,peak,45.5,0.08374896350934075
tpos,level,causal,3,R',T2,26.25,0.08374896350934075
tpos,level,causal,3,R',T3,26.75,0.08374896350934075
tpos,level,causal,3,R',T5,27.0,0.08374896350934075
tpos,level,causal,3,R',CP,29.75,0.08374896350934075
tpos,level,causal,3,R',peak,45.5,0.08374896350934075
tpos,level,causal,6,R,T2,27.75,0.08374896350934075
tpos,level,causal,6,R,T3,28.5,0.08374896350934075
tpos,level,causal,6,R,T5,29.5,0.08374896350934075
tpos,level,causal,6,R,CP,34.5,0.08374896350934075
tpos,level,causal,6,R,peak,34.0,0.08374896350934075
tpos,level,causal,6,R',T2,26.25,0.08374896350934075
tpos,level,causal,6,R',T3,26.25,0.08374896350934075
tpos,level,causal,6,R',T5,26.25,0.08374896350934075
tpos,level,causal,6,R',CP,33.0,0.08374896350934075
tpos,level,causal,6,R',peak,34.0,0.08374896350934075
tpos,level,causal,12,R,T2,29.25,0.08374896350934075
tpos,level,causal,12,R,T3,30.0,0.08374896350934075
tpos,level,causal,12,R,T5,31.0,0.08374896350934075
tpos,level,causal,12,R,CP,34.25,0.08374896350934075
tpos,level,causal,12,R,peak,34.75,0.08374896350934075
tpos,level,causal,12,R',T2,27.5,0.08374896350934075
tpos,level,causal,12,R',T3,27.25,0.08374896350934075
tpos,level,causal,12,R',T5,27.25,0.08374896350934075
tpos,level,causal,12,R',CP,32.5,0.08374896350934075
tpos,level,causal,12,R',peak,34.75,0.08374896350934075
tpos,level,causal-robust,1,R,T2,26.75,0.08374896350934075
tpos,level,causal-robust,1,R,T3,27.5,0.08374896350934075
tpos,level,causal-robust,1,R,T5,,0.08374896350934075
tpos,level,causal-robust,1,R,CP,37.5,0.08374896350934075
tpos,level,causal-robust,1,R,peak,31.0,0.08374896350934075
tpos,level,causal-robust,1,R',T2,25.75,0.08374896350934075
tpos,level,causal-robust,1,R',T3,26.25,0.08374896350934075
tpos,level,causal-robust,1,R',T5,,0.08374896350934075
tpos,level,causal-robust,1,R',CP,35.75,0.08374896350934075
tpos,level,causal-robust,1,R',peak,31.0,0.08374896350934075
tpos,level,causal-robust,3,R,T2,27.25,0.08374896350934075
tpos,level,causal-robust,3,R,T3,28.0,0.08374896350934075
tpos,level,causal-robust,3,R,T5,29.25,0.08374896350934075
tpos,level,causal-robust,3,R,CP,30.25,0.08374896350934075
tpos,level,causal-robust,3,R,peak,45.5,0.08374896350934075
tpos,level,causal-robust,3,R',T2,26.25,0.08374896350934075
tpos,level,causal-robust,3,R',T3,26.75,0.08374896350934075
tpos,level,causal-robust,3,R',T5,27.0,0.08374896350934075
tpos,level,causal-robust,3,R',CP,29.75,0.08374896350934075
tpos,level,causal-robust,3,R',peak,45.5,0.08374896350934075
tpos,level,causal-robust,6,R,T2,27.75,0.08374896350934075
tpos,level,causal-robust,6,R,T3,28.5,0.08374896350934075
tpos,level,causal-robust,6,R,T5,29.5,0.08374896350934075
tpos,level,causal-robust,6,R,CP,34.5,0.08374896350934075
tpos,level,causal-robust,6,R,peak,34.0,0.08374896350934075
tpos,level,causal-robust,6,R',T2,26.25,0.08374896350934075
tpos,level,causal-robust,6,R',T3,26.25,0.08374896350934075
tpos,level,causal-robust,6,R',T5,26.25,0.08374896350934075
tpos,level,causal-robust,6,R',CP,33.0,0.08374896350934075
tpos,level,causal-robust,6,R',peak,34.0,0.08374896350934075
tpos,level,causal-robust,12,R,T2,29.25,0.08374896350934075
tpos,level,causal-robust,12,R,T3,30.0,0.08374896350934075
tpos,level,causal-robust,12,R,T5,31.0,0.08374896350934075
tpos,level,causal-robust,12,R,CP,34.25,0.08374896350934075
tpos,level,causal-robust,12,R,peak,34.75,0.08374896350934075
tpos,level,causal-robust,12,R',T2,27.5,0.08374896350934075
tpos,level,causal-robust,12,R',T3,27.25,0.08374896350934075
tpos,level,causal-robust,12,R',T5,27.25,0.08374896350934075
tpos,level,causal-robust,12,R',CP,32.5,0.08374896350934075
tpos,level,causal-robust,12,R',peak,34.75,0.08374896350934075
tpos,uplift_GNSS1,centred,1,R,T2,,0.1502313031443329
tpos,uplift_GNSS1,centred,1,R,T3,,0.1502313031443329
tpos,uplift_GNSS1,centred,1,R,T5,,0.1502313031443329
tpos,uplift_GNSS1,centred,1,R,CP,40.5,0.1502313031443329
tpos,uplift_GNSS1,centred,1,R,peak,18.0,0.1502313031443329
tpos,uplift_GNSS1,centred,1,R',T2,9.0,0.1502313031443329
tpos,uplift_GNSS1,centred,1,R',T3,33.5,0.1502313031443329
tpos,uplift_GNSS1,centred,1,R',T5,,0.1502313031443329
tpos,uplift_GNSS1,centred,1,R',CP,38.75,0.1502313031443329
tpos,uplift_GNSS1,centred,1,R',peak,18.0,0.1502313031443329
tpos,uplift_GNSS1,centred,3,R,T2,,0.1502313031443329
tpos,uplift_GNSS1,centred,3,R,T3,,0.1502313031443329
tpos,uplift_GNSS1,centred,3,R,T5,,0.1502313031443329
tpos,uplift_GNSS1,centred,3,R,CP,57.5,0.1502313031443329
tpos,uplift_GNSS1,centred,3,R,peak,45.25,0.1502313031443329
tpos,uplift_GNSS1,centred,3,R',T2,32.75,0.1502313031443329
tpos,uplift_GNSS1,centred,3,R',T3,53.0,0.1502313031443329
tpos,uplift_GNSS1,centred,3,R',T5,,0.1502313031443329
tpos,uplift_GNSS1,centred,3,R',CP,55.5,0.1502313031443329
tpos,uplift_GNSS1,centred,3,R',peak,45.25,0.1502313031443329
tpos,uplift_GNSS1,centred,6,R,T2,,0.1502313031443329
tpos,uplift_GNSS1,centred,6,R,T3,,0.1502313031443329
tpos,uplift_GNSS1,centred,6,R,T5,,0.1502313031443329
tpos,uplift_GNSS1,centred,6,R,CP,56.25,0.1502313031443329
tpos,uplift_GNSS1,centred,6,R,peak,75.0,0.1502313031443329
tpos,uplift_GNSS1,centred,6,R',T2,54.0,0.1502313031443329
tpos,uplift_GNSS1,centred,6,R',T3,54.0,0.1502313031443329
tpos,uplift_GNSS1,centred,6,R',T5,,0.1502313031443329
tpos,uplift_GNSS1,centred,6,R',CP,49.75,0.1502313031443329
tpos,uplift_GNSS1,centred,6,R',peak,75.0,0.1502313031443329
tpos,uplift_GNSS1,centred,12,R,T2,,0.1502313031443329
tpos,uplift_GNSS1,centred,12,R,T3,,0.1502313031443329
tpos,uplift_GNSS1,centred,12,R,T5,,0.1502313031443329
tpos,uplift_GNSS1,centred,12,R,CP,64.25,0.1502313031443329
tpos,uplift_GNSS1,centred,12,R,peak,70.5,0.1502313031443329
tpos,uplift_GNSS1,centred,12,R',T2,57.75,0.1502313031443329
tpos,uplift_GNSS1,centred,12,R',T3,,0.1502313031443329
tpos,uplift_GNSS1,centred,12,R',T5,,0.1502313031443329
tpos,uplift_GNSS1,centred,12,R',CP,50.0,0.1502313031443329
tpos,uplift_GNSS1,centred,12,R',peak,70.5,0.1502313031443329
tpos,uplift_GNSS1,causal,1,R,T2,,0.1502313031443329
tpos,uplift_GNSS1,causal,1,R,T3,,0.1502313031443329
tpos,uplift_GNSS1,causal,1,R,T5,,0.1502313031443329
tpos,uplift_GNSS1,causal,1,R,CP,41.5,0.1502313031443329
tpos,uplift_GNSS1,causal,1,R,peak,18.25,0.1502313031443329
tpos,uplift_GNSS1,causal,1,R',T2,,0.1502313031443329
tpos,uplift_GNSS1,causal,1,R',T3,,0.1502313031443329
tpos,uplift_GNSS1,causal,1,R',T5,,0.1502313031443329
tpos,uplift_GNSS1,causal,1,R',CP,40.0,0.1502313031443329
tpos,uplift_GNSS1,causal,1,R',peak,18.25,0.1502313031443329
tpos,uplift_GNSS1,causal,3,R,T2,,0.1502313031443329
tpos,uplift_GNSS1,causal,3,R,T3,,0.1502313031443329
tpos,uplift_GNSS1,causal,3,R,T5,,0.1502313031443329
tpos,uplift_GNSS1,causal,3,R,CP,34.0,0.1502313031443329
tpos,uplift_GNSS1,causal,3,R,peak,32.5,0.1502313031443329
tpos,uplift_GNSS1,causal,3,R',T2,34.0,0.1502313031443329
tpos,uplift_GNSS1,causal,3,R',T3,,0.1502313031443329
tpos,uplift_GNSS1,causal,3,R',T5,,0.1502313031443329
tpos,uplift_GNSS1,causal,3,R',CP,29.0,0.1502313031443329
tpos,uplift_GNSS1,causal,3,R',peak,32.5,0.1502313031443329
tpos,uplift_GNSS1,causal,6,R,T2,,0.1502313031443329
tpos,uplift_GNSS1,causal,6,R,T3,,0.1502313031443329
tpos,uplift_GNSS1,causal,6,R,T5,,0.1502313031443329
tpos,uplift_GNSS1,causal,6,R,CP,36.5,0.1502313031443329
tpos,uplift_GNSS1,causal,6,R,peak,23.25,0.1502313031443329
tpos,uplift_GNSS1,causal,6,R',T2,33.75,0.1502313031443329
tpos,uplift_GNSS1,causal,6,R',T3,56.75,0.1502313031443329
tpos,uplift_GNSS1,causal,6,R',T5,,0.1502313031443329
tpos,uplift_GNSS1,causal,6,R',CP,35.0,0.1502313031443329
tpos,uplift_GNSS1,causal,6,R',peak,23.25,0.1502313031443329
tpos,uplift_GNSS1,causal,12,R,T2,,0.1502313031443329
tpos,uplift_GNSS1,causal,12,R,T3,,0.1502313031443329
tpos,uplift_GNSS1,causal,12,R,T5,,0.1502313031443329
tpos,uplift_GNSS1,causal,12,R,CP,55.0,0.1502313031443329
tpos,uplift_GNSS1,causal,12,R,peak,53.5,0.1502313031443329
tpos,uplift_GNSS1,causal,12,R',T2,,0.1502313031443329
tpos,uplift_GNSS1,causal,12,R',T3,,0.1502313031443329
tpos,uplift_GNSS1,causal,12,R',T5,,0.1502313031443329
tpos,uplift_GNSS1,causal,12,R',CP,53.25,0.1502313031443329
tpos,uplift_GNSS1,causal,12,R',peak,53.5,0.1502313031443329
tpos,uplift_GNSS1,causal-robust,1,R,T2,,0.1502313031443329
tpos,uplift_GNSS1,causal-robust,1,R,T3,,0.1502313031443329
tpos,uplift_GNSS1,causal-robust,1,R,T5,,0.1502313031443329
tpos,uplift_GNSS1,causal-robust,1,R,CP,54.75,0.1502313031443329
tpos,uplift_GNSS1,causal-robust,1,R,peak,59.75,0.1502313031443329
tpos,uplift_GNSS1,causal-robust,1,R',T2,,0.1502313031443329
tpos,uplift_GNSS1,causal-robust,1,R',T3,,0.1502313031443329
tpos,uplift_GNSS1,causal-robust,1,R',T5,,0.1502313031443329
tpos,uplift_GNSS1,causal-robust,1,R',CP,53.25,0.1502313031443329
tpos,uplift_GNSS1,causal-robust,1,R',peak,59.75,0.1502313031443329
tpos,uplift_GNSS1,causal-robust,3,R,T2,,0.1502313031443329
tpos,uplift_GNSS1,causal-robust,3,R,T3,,0.1502313031443329
tpos,uplift_GNSS1,causal-robust,3,R,T5,,0.1502313031443329
tpos,uplift_GNSS1,causal-robust,3,R,CP,32.75,0.1502313031443329
tpos,uplift_GNSS1,causal-robust,3,R,peak,35.25,0.1502313031443329
tpos,uplift_GNSS1,causal-robust,3,R',T2,5.25,0.1502313031443329
tpos,uplift_GNSS1,causal-robust,3,R',T3,36.25,0.1502313031443329
tpos,uplift_GNSS1,causal-robust,3,R',T5,,0.1502313031443329
tpos,uplift_GNSS1,causal-robust,3,R',CP,29.25,0.1502313031443329
tpos,uplift_GNSS1,causal-robust,3,R',peak,35.25,0.1502313031443329
tpos,uplift_GNSS1,causal-robust,6,R,T2,36.0,0.1502313031443329
tpos,uplift_GNSS1,causal-robust,6,R,T3,,0.1502313031443329
tpos,uplift_GNSS1,causal-robust,6,R,T5,,0.1502313031443329
tpos,uplift_GNSS1,causal-robust,6,R,CP,36.5,0.1502313031443329
tpos,uplift_GNSS1,causal-robust,6,R,peak,23.75,0.1502313031443329
tpos,uplift_GNSS1,causal-robust,6,R',T2,33.75,0.1502313031443329
tpos,uplift_GNSS1,causal-robust,6,R',T3,35.75,0.1502313031443329
tpos,uplift_GNSS1,causal-robust,6,R',T5,,0.1502313031443329
tpos,uplift_GNSS1,causal-robust,6,R',CP,35.0,0.1502313031443329
tpos,uplift_GNSS1,causal-robust,6,R',peak,23.75,0.1502313031443329
tpos,uplift_GNSS1,causal-robust,12,R,T2,,0.1502313031443329
tpos,uplift_GNSS1,causal-robust,12,R,T3,,0.1502313031443329
tpos,uplift_GNSS1,causal-robust,12,R,T5,,0.1502313031443329
tpos,uplift_GNSS1,causal-robust,12,R,CP,55.75,0.1502313031443329
tpos,uplift_GNSS1,causal-robust,12,R,peak,46.0,0.1502313031443329
tpos,uplift_GNSS1,causal-robust,12,R',T2,57.5,0.1502313031443329
tpos,uplift_GNSS1,causal-robust,12,R',T3,,0.1502313031443329
tpos,uplift_GNSS1,causal-robust,12,R',T5,,0.1502313031443329
tpos,uplift_GNSS1,causal-robust,12,R',CP,54.0,0.1502313031443329
tpos,uplift_GNSS1,causal-robust,12,R',peak,46.0,0.1502313031443329
rain,speed_GNSS1,centred,1,R,T2,30.0,0.1502313031443329
rain,speed_GNSS1,centred,1,R,T3,25.5,0.1502313031443329
rain,speed_GNSS1,centred,1,R,T5,,0.1502313031443329
rain,speed_GNSS1,centred,1,R,CP,24.25,0.1502313031443329
rain,speed_GNSS1,centred,1,R,peak,24.25,0.1502313031443329
rain,speed_GNSS1,centred,1,R',T2,25.25,0.1502313031443329
rain,speed_GNSS1,centred,1,R',T3,25.5,0.1502313031443329
rain,speed_GNSS1,centred,1,R',T5,,0.1502313031443329
rain,speed_GNSS1,centred,1,R',CP,24.25,0.1502313031443329
rain,speed_GNSS1,centred,1,R',peak,24.25,0.1502313031443329
rain,speed_GNSS1,centred,3,R,T2,17.25,0.1502313031443329
rain,speed_GNSS1,centred,3,R,T3,28.0,0.1502313031443329
rain,speed_GNSS1,centred,3,R,T5,37.75,0.1502313031443329
rain,speed_GNSS1,centred,3,R,CP,11.0,0.1502313031443329
rain,speed_GNSS1,centred,3,R,peak,33.25,0.1502313031443329
rain,speed_GNSS1,centred,3,R',T2,6.0,0.1502313031443329
rain,speed_GNSS1,centred,3,R',T3,14.5,0.1502313031443329
rain,speed_GNSS1,centred,3,R',T5,14.75,0.1502313031443329
rain,speed_GNSS1,centred,3,R',CP,1.75,0.1502313031443329
rain,speed_GNSS1,centred,3,R',peak,33.25,0.1502313031443329
rain,speed_GNSS1,centred,6,R,T2,17.75,0.1502313031443329
rain,speed_GNSS1,centred,6,R,T3,24.0,0.1502313031443329
rain,speed_GNSS1,centred,6,R,T5,28.75,0.1502313031443329
rain,speed_GNSS1,centred,6,R,CP,15.25,0.1502313031443329
rain,speed_GNSS1,centred,6,R,peak,32.5,0.1502313031443329
rain,speed_GNSS1,centred,6,R',T2,16.75,0.1502313031443329
rain,speed_GNSS1,centred,6,R',T3,20.25,0.1502313031443329
rain,speed_GNSS1,centred,6,R',T5,27.25,0.1502313031443329
rain,speed_GNSS1,centred,6,R',CP,12.5,0.1502313031443329
rain,speed_GNSS1,centred,6,R',peak,32.5,0.1502313031443329
rain,speed_GNSS1,centred,12,R,T2,6.25,0.1502313031443329
rain,speed_GNSS1,centred,12,R,T3,3.25,0.1502313031443329
rain,speed_GNSS1,centred,12,R,T5,,0.1502313031443329
rain,speed_GNSS1,centred,12,R,CP,22.25,0.1502313031443329
rain,speed_GNSS1,centred,12,R,peak,34.5,0.1502313031443329
rain,speed_GNSS1,centred,12,R',T2,4.5,0.1502313031443329
rain,speed_GNSS1,centred,12,R',T3,1.75,0.1502313031443329
rain,speed_GNSS1,centred,12,R',T5,,0.1502313031443329
rain,speed_GNSS1,centred,12,R',CP,17.5,0.1502313031443329
rain,speed_GNSS1,centred,12,R',peak,34.5,0.1502313031443329
rain,speed_GNSS1,causal,1,R,T2,,0.1502313031443329
rain,speed_GNSS1,causal,1,R,T3,,0.1502313031443329
rain,speed_GNSS1,causal,1,R,T5,,0.1502313031443329
rain,speed_GNSS1,causal,1,R,CP,25.25,0.1502313031443329
rain,speed_GNSS1,causal,1,R,peak,25.0,0.1502313031443329
rain,speed_GNSS1,causal,1,R',T2,,0.1502313031443329
rain,speed_GNSS1,causal,1,R',T3,,0.1502313031443329
rain,speed_GNSS1,causal,1,R',T5,,0.1502313031443329
rain,speed_GNSS1,causal,1,R',CP,25.25,0.1502313031443329
rain,speed_GNSS1,causal,1,R',peak,25.0,0.1502313031443329
rain,speed_GNSS1,causal,3,R,T2,,0.1502313031443329
rain,speed_GNSS1,causal,3,R,T3,,0.1502313031443329
rain,speed_GNSS1,causal,3,R,T5,,0.1502313031443329
rain,speed_GNSS1,causal,3,R,CP,25.25,0.1502313031443329
rain,speed_GNSS1,causal,3,R,peak,24.75,0.1502313031443329
rain,speed_GNSS1,causal,3,R',T2,,0.1502313031443329
rain,speed_GNSS1,causal,3,R',T3,,0.1502313031443329
rain,speed_GNSS1,causal,3,R',T5,,0.1502313031443329
rain,speed_GNSS1,causal,3,R',CP,25.25,0.1502313031443329
rain,speed_GNSS1,causal,3,R',peak,24.75,0.1502313031443329
rain,speed_GNSS1,causal,6,R,T2,,0.1502313031443329
rain,speed_GNSS1,causal,6,R,T3,,0.1502313031443329
rain,speed_GNSS1,causal,6,R,T5,,0.1502313031443329
rain,speed_GNSS1,causal,6,R,CP,26.0,0.1502313031443329
rain,speed_GNSS1,causal,6,R,peak,22.5,0.1502313031443329
rain,speed_GNSS1,causal,6,R',T2,,0.1502313031443329
rain,speed_GNSS1,causal,6,R',T3,,0.1502313031443329
rain,speed_GNSS1,causal,6,R',T5,,0.1502313031443329
rain,speed_GNSS1,causal,6,R',CP,26.0,0.1502313031443329
rain,speed_GNSS1,causal,6,R',peak,22.5,0.1502313031443329
rain,speed_GNSS1,causal,12,R,T2,,0.1502313031443329
rain,speed_GNSS1,causal,12,R,T3,,0.1502313031443329
rain,speed_GNSS1,causal,12,R,T5,,0.1502313031443329
rain,speed_GNSS1,causal,12,R,CP,26.5,0.1502313031443329
rain,speed_GNSS1,causal,12,R,peak,21.25,0.1502313031443329
rain,speed_GNSS1,causal,12,R',T2,,0.1502313031443329
rain,speed_GNSS1,causal,12,R',T3,,0.1502313031443329
rain,speed_GNSS1,causal,12,R',T5,,0.1502313031443329
rain,speed_GNSS1,causal,12,R',CP,26.25,0.1502313031443329
rain,speed_GNSS1,causal,12,R',peak,21.25,0.1502313031443329
rain,speed_GNSS1,causal-robust,1,R,T2,36.25,0.1502313031443329
rain,speed_GNSS1,causal-robust,1,R,T3,,0.1502313031443329
rain,speed_GNSS1,causal-robust,1,R,T5,,0.1502313031443329
rain,speed_GNSS1,causal-robust,1,R,CP,25.25,0.1502313031443329
rain,speed_GNSS1,causal-robust,1,R,peak,25.0,0.1502313031443329
rain,speed_GNSS1,causal-robust,1,R',T2,36.25,0.1502313031443329
rain,speed_GNSS1,causal-robust,1,R',T3,,0.1502313031443329
rain,speed_GNSS1,causal-robust,1,R',T5,,0.1502313031443329
rain,speed_GNSS1,causal-robust,1,R',CP,25.25,0.1502313031443329
rain,speed_GNSS1,causal-robust,1,R',peak,25.0,0.1502313031443329
rain,speed_GNSS1,causal-robust,3,R,T2,13.25,0.1502313031443329
rain,speed_GNSS1,causal-robust,3,R,T3,26.0,0.1502313031443329
rain,speed_GNSS1,causal-robust,3,R,T5,,0.1502313031443329
rain,speed_GNSS1,causal-robust,3,R,CP,32.5,0.1502313031443329
rain,speed_GNSS1,causal-robust,3,R,peak,38.0,0.1502313031443329
rain,speed_GNSS1,causal-robust,3,R',T2,13.0,0.1502313031443329
rain,speed_GNSS1,causal-robust,3,R',T3,26.0,0.1502313031443329
rain,speed_GNSS1,causal-robust,3,R',T5,,0.1502313031443329
rain,speed_GNSS1,causal-robust,3,R',CP,32.5,0.1502313031443329
rain,speed_GNSS1,causal-robust,3,R',peak,38.0,0.1502313031443329
rain,speed_GNSS1,causal-robust,6,R,T2,14.0,0.1502313031443329
rain,speed_GNSS1,causal-robust,6,R,T3,14.75,0.1502313031443329
rain,speed_GNSS1,causal-robust,6,R,T5,36.0,0.1502313031443329
rain,speed_GNSS1,causal-robust,6,R,CP,11.5,0.1502313031443329
rain,speed_GNSS1,causal-robust,6,R,peak,36.0,0.1502313031443329
rain,speed_GNSS1,causal-robust,6,R',T2,14.75,0.1502313031443329
rain,speed_GNSS1,causal-robust,6,R',T3,26.5,0.1502313031443329
rain,speed_GNSS1,causal-robust,6,R',T5,36.0,0.1502313031443329
rain,speed_GNSS1,causal-robust,6,R',CP,24.25,0.1502313031443329
rain,speed_GNSS1,causal-robust,6,R',peak,36.0,0.1502313031443329
rain,speed_GNSS1,causal-robust,12,R,T2,21.5,0.1502313031443329
rain,speed_GNSS1,causal-robust,12,R,T3,18.0,0.1502313031443329
rain,speed_GNSS1,causal-robust,12,R,T5,34.5,0.1502313031443329
rain,speed_GNSS1,causal-robust,12,R,CP,14.0,0.1502313031443329
rain,speed_GNSS1,causal-robust,12,R,peak,37.75,0.1502313031443329
rain,speed_GNSS1,causal-robust,12,R',T2,15.25,0.1502313031443329
rain,speed_GNSS1,causal-robust,12,R',T3,15.5,0.1502313031443329
rain,speed_GNSS1,causal-robust,12,R',T5,17.25,0.1502313031443329
rain,speed_GNSS1,causal-robust,12,R',CP,14.5,0.1502313031443329
rain,speed_GNSS1,causal-robust,12,R',peak,37.75,0.1502313031443329
rain,accel_GNSS1,centred,1,R,T2,73.25,0.1502313031443329
rain,accel_GNSS1,centred,1,R,T3,,0.1502313031443329
rain,accel_GNSS1,centred,1,R,T5,,0.1502313031443329
rain,accel_GNSS1,centred,1,R,CP,67.75,0.1502313031443329
rain,accel_GNSS1,centred,1,R,peak,66.25,0.1502313031443329
rain,accel_GNSS1,centred,1,R',T2,,0.1502313031443329
rain,accel_GNSS1,centred,1,R',T3,,0.1502313031443329
rain,accel_GNSS1,centred,1,R',T5,,0.1502313031443329
rain,accel_GNSS1,centred,1,R',CP,67.75,0.1502313031443329
rain,accel_GNSS1,centred,1,R',peak,66.25,0.1502313031443329
rain,accel_GNSS1,centred,3,R,T2,16.75,0.1502313031443329
rain,accel_GNSS1,centred,3,R,T3,27.75,0.1502313031443329
rain,accel_GNSS1,centred,3,R,T5,,0.1502313031443329
rain,accel_GNSS1,centred,3,R,CP,36.25,0.1502313031443329
rain,accel_GNSS1,centred,3,R,peak,31.25,0.1502313031443329
rain,accel_GNSS1,centred,3,R',T2,2.25,0.1502313031443329
rain,accel_GNSS1,centred,3,R',T3,2.0,0.1502313031443329
rain,accel_GNSS1,centred,3,R',T5,25.75,0.1502313031443329
rain,accel_GNSS1,centred,3,R',CP,36.0,0.1502313031443329
rain,accel_GNSS1,centred,3,R',peak,31.25,0.1502313031443329
rain,accel_GNSS1,centred,6,R,T2,,0.1502313031443329
rain,accel_GNSS1,centred,6,R,T3,,0.1502313031443329
rain,accel_GNSS1,centred,6,R,T5,,0.1502313031443329
rain,accel_GNSS1,centred,6,R,CP,5.0,0.1502313031443329
rain,accel_GNSS1,centred,6,R,peak,29.5,0.1502313031443329
rain,accel_GNSS1,centred,6,R',T2,6.0,0.1502313031443329
rain,accel_GNSS1,centred,6,R',T3,6.75,0.1502313031443329
rain,accel_GNSS1,centred,6,R',T5,,0.1502313031443329
rain,accel_GNSS1,centred,6,R',CP,-0.5,0.1502313031443329
rain,accel_GNSS1,centred,6,R',peak,29.5,0.1502313031443329
rain,accel_GNSS1,centred,12,R,T2,11.5,0.1502313031443329
rain,accel_GNSS1,centred,12,R,T3,9.5,0.1502313031443329
rain,accel_GNSS1,centred,12,R,T5,,0.1502313031443329
rain,accel_GNSS1,centred,12,R,CP,21.0,0.1502313031443329
rain,accel_GNSS1,centred,12,R,peak,20.0,0.1502313031443329
rain,accel_GNSS1,centred,12,R',T2,7.75,0.1502313031443329
rain,accel_GNSS1,centred,12,R',T3,5.75,0.1502313031443329
rain,accel_GNSS1,centred,12,R',T5,,0.1502313031443329
rain,accel_GNSS1,centred,12,R',CP,14.25,0.1502313031443329
rain,accel_GNSS1,centred,12,R',peak,20.0,0.1502313031443329
rain,accel_GNSS1,causal,1,R,T2,,0.1502313031443329
rain,accel_GNSS1,causal,1,R,T3,,0.1502313031443329
rain,accel_GNSS1,causal,1,R,T5,,0.1502313031443329
rain,accel_GNSS1,causal,1,R,CP,25.25,0.1502313031443329
rain,accel_GNSS1,causal,1,R,peak,25.0,0.1502313031443329
rain,accel_GNSS1,causal,1,R',T2,,0.1502313031443329
rain,accel_GNSS1,causal,1,R',T3,,0.1502313031443329
rain,accel_GNSS1,causal,1,R',T5,,0.1502313031443329
rain,accel_GNSS1,causal,1,R',CP,25.25,0.1502313031443329
rain,accel_GNSS1,causal,1,R',peak,25.0,0.1502313031443329
rain,accel_GNSS1,causal,3,R,T2,,0.1502313031443329
rain,accel_GNSS1,causal,3,R,T3,,0.1502313031443329
rain,accel_GNSS1,causal,3,R,T5,,0.1502313031443329
rain,accel_GNSS1,causal,3,R,CP,25.25,0.1502313031443329
rain,accel_GNSS1,causal,3,R,peak,24.75,0.1502313031443329
rain,accel_GNSS1,causal,3,R',T2,,0.1502313031443329
rain,accel_GNSS1,causal,3,R',T3,,0.1502313031443329
rain,accel_GNSS1,causal,3,R',T5,,0.1502313031443329
rain,accel_GNSS1,causal,3,R',CP,25.25,0.1502313031443329
rain,accel_GNSS1,causal,3,R',peak,24.75,0.1502313031443329
rain,accel_GNSS1,causal,6,R,T2,25.25,0.1502313031443329
rain,accel_GNSS1,causal,6,R,T3,,0.1502313031443329
rain,accel_GNSS1,causal,6,R,T5,,0.1502313031443329
rain,accel_GNSS1,causal,6,R,CP,26.0,0.1502313031443329
rain,accel_GNSS1,causal,6,R,peak,22.5,0.1502313031443329
rain,accel_GNSS1,causal,6,R',T2,25.0,0.1502313031443329
rain,accel_GNSS1,causal,6,R',T3,,0.1502313031443329
rain,accel_GNSS1,causal,6,R',T5,,0.1502313031443329
rain,accel_GNSS1,causal,6,R',CP,26.0,0.1502313031443329
rain,accel_GNSS1,causal,6,R',peak,22.5,0.1502313031443329
rain,accel_GNSS1,causal,12,R,T2,,0.1502313031443329
rain,accel_GNSS1,causal,12,R,T3,,0.1502313031443329
rain,accel_GNSS1,causal,12,R,T5,,0.1502313031443329
rain,accel_GNSS1,causal,12,R,CP,26.5,0.1502313031443329
rain,accel_GNSS1,causal,12,R,peak,21.25,0.1502313031443329
rain,accel_GNSS1,causal,12,R',T2,,0.1502313031443329
rain,accel_GNSS1,causal,12,R',T3,,0.1502313031443329
rain,accel_GNSS1,causal,12,R',T5,,0.1502313031443329
rain,accel_GNSS1,causal,12,R',CP,26.25,0.1502313031443329
rain,accel_GNSS1,causal,12,R',peak,21.25,0.1502313031443329
rain,accel_GNSS1,causal-robust,1,R,T2,,0.1502313031443329
rain,accel_GNSS1,causal-robust,1,R,T3,,0.1502313031443329
rain,accel_GNSS1,causal-robust,1,R,T5,,0.1502313031443329
rain,accel_GNSS1,causal-robust,1,R,CP,25.25,0.1502313031443329
rain,accel_GNSS1,causal-robust,1,R,peak,25.0,0.1502313031443329
rain,accel_GNSS1,causal-robust,1,R',T2,,0.1502313031443329
rain,accel_GNSS1,causal-robust,1,R',T3,,0.1502313031443329
rain,accel_GNSS1,causal-robust,1,R',T5,,0.1502313031443329
rain,accel_GNSS1,causal-robust,1,R',CP,25.25,0.1502313031443329
rain,accel_GNSS1,causal-robust,1,R',peak,25.0,0.1502313031443329
rain,accel_GNSS1,causal-robust,3,R,T2,-1.5,0.1502313031443329
rain,accel_GNSS1,causal-robust,3,R,T3,,0.1502313031443329
rain,accel_GNSS1,causal-robust,3,R,T5,,0.1502313031443329
rain,accel_GNSS1,causal-robust,3,R,CP,22.25,0.1502313031443329
rain,accel_GNSS1,causal-robust,3,R,peak,25.25,0.1502313031443329
rain,accel_GNSS1,causal-robust,3,R',T2,-2.0,0.1502313031443329
rain,accel_GNSS1,causal-robust,3,R',T3,,0.1502313031443329
rain,accel_GNSS1,causal-robust,3,R',T5,,0.1502313031443329
rain,accel_GNSS1,causal-robust,3,R',CP,22.25,0.1502313031443329
rain,accel_GNSS1,causal-robust,3,R',peak,25.25,0.1502313031443329
rain,accel_GNSS1,causal-robust,6,R,T2,15.0,0.1502313031443329
rain,accel_GNSS1,causal-robust,6,R,T3,37.75,0.1502313031443329
rain,accel_GNSS1,causal-robust,6,R,T5,,0.1502313031443329
rain,accel_GNSS1,causal-robust,6,R,CP,36.5,0.1502313031443329
rain,accel_GNSS1,causal-robust,6,R,peak,35.75,0.1502313031443329
rain,accel_GNSS1,causal-robust,6,R',T2,14.75,0.1502313031443329
rain,accel_GNSS1,causal-robust,6,R',T3,37.75,0.1502313031443329
rain,accel_GNSS1,causal-robust,6,R',T5,,0.1502313031443329
rain,accel_GNSS1,causal-robust,6,R',CP,36.5,0.1502313031443329
rain,accel_GNSS1,causal-robust,6,R',peak,35.75,0.1502313031443329
rain,accel_GNSS1,causal-robust,12,R,T2,41.5,0.1502313031443329
rain,accel_GNSS1,causal-robust,12,R,T3,38.0,0.1502313031443329
rain,accel_GNSS1,causal-robust,12,R,T5,,0.1502313031443329
rain,accel_GNSS1,causal-robust,12,R,CP,7.0,0.1502313031443329
rain,accel_GNSS1,causal-robust,12,R,peak,36.75,0.1502313031443329
rain,accel_GNSS1,causal-robust,12,R',T2,21.0,0.1502313031443329
rain,accel_GNSS1,causal-robust,12,R',T3,36.25,0.1502313031443329
rain,accel_GNSS1,causal-robust,12,R',T5,37.5,0.1502313031443329
rain,accel_GNSS1,causal-robust,12,R',CP,7.0,0.1502313031443329
rain,accel_GNSS1,causal-robust,12,R',peak,36.75,0.1502313031443329
rain,speed_GNSS2,centred,1,R,T2,14.75,0.1502313031443329
rain,speed_GNSS2,centred,1,R,T3,25.25,0.1502313031443329
rain,speed_GNSS2,centred,1,R,T5,,0.1502313031443329
rain,speed_GNSS2,centred,1,R,CP,20.75,0.1502313031443329
rain,speed_GNSS2,centred,1,R,peak,24.25,0.1502313031443329
rain,speed_GNSS2,centred,1,R',T2,9.75,0.1502313031443329
rain,speed_GNSS2,centred,1,R',T3,25.5,0.1502313031443329
rain,speed_GNSS2,centred,1,R',T5,,0.1502313031443329
rain,speed_GNSS2,centred,1,R',CP,20.75,0.1502313031443329
rain,speed_GNSS2,centred,1,R',peak,24.25,0.1502313031443329
rain,speed_GNSS2,centred,3,R,T2,4.75,0.1502313031443329
rain,speed_GNSS2,centred,3,R,T3,26.5,0.1502313031443329
rain,speed_GNSS2,centred,3,R,T5,,0.1502313031443329
rain,speed_GNSS2,centred,3,R,CP,22.0,0.1502313031443329
rain,speed_GNSS2,centred,3,R,peak,21.25,0.1502313031443329
rain,speed_GNSS2,centred,3,R',T2,0.75,0.1502313031443329
rain,speed_GNSS2,centred,3,R',T3,0.25,0.1502313031443329
rain,speed_GNSS2,centred,3,R',T5,0.0,0.1502313031443329
rain,speed_GNSS2,centred,3,R',CP,-5.25,0.1502313031443329
rain,speed_GNSS2,centred,3,R',peak,21.25,0.1502313031443329
rain,speed_GNSS2,centred,6,R,T2,19.25,0.1502313031443329
rain,speed_GNSS2,centred,6,R,T3,22.75,0.1502313031443329
rain,speed_GNSS2,centred,6,R,T5,25.25,0.1502313031443329
rain,speed_GNSS2,centred,6,R,CP,5.5,0.1502313031443329
rain,speed_GNSS2,centred,6,R,peak,34.0,0.1502313031443329
rain,speed_GNSS2,centred,6,R',T2,2.5,0.1502313031443329
rain,speed_GNSS2,centred,6,R',T3,2.75,0.1502313031443329
rain,speed_GNSS2,centred,6,R',T5,3.0,0.1502313031443329
rain,speed_GNSS2,centred,6,R',CP,0.75,0.1502313031443329
rain,speed_GNSS2,centred,6,R',peak,34.0,0.1502313031443329
rain,speed_GNSS2,centred,12,R,T2,0.0,0.1502313031443329
rain,speed_GNSS2,centred,12,R,T3,-4.0,0.1502313031443329
rain,speed_GNSS2,centred,12,R,T5,,0.1502313031443329
rain,speed_GNSS2,centred,12,R,CP,15.0,0.1502313031443329
rain,speed_GNSS2,centred,12,R,peak,31.0,0.1502313031443329
rain,speed_GNSS2,centred,12,R',T2,-0.75,0.1502313031443329
rain,speed_GNSS2,centred,12,R',T3,-3.5,0.1502313031443329
rain,speed_GNSS2,centred,12,R',T5,,0.1502313031443329
rain,speed_GNSS2,centred,12,R',CP,10.5,0.1502313031443329
rain,speed_GNSS2,centred,12,R',peak,31.0,0.1502313031443329
rain,speed_GNSS2,causal,1,R,T2,,0.1502313031443329
rain,speed_GNSS2,causal,1,R,T3,,0.1502313031443329
rain,speed_GNSS2,causal,1,R,T5,,0.1502313031443329
rain,speed_GNSS2,causal,1,R,CP,9.0,0.1502313031443329
rain,speed_GNSS2,causal,1,R,peak,8.75,0.1502313031443329
rain,speed_GNSS2,causal,1,R',T2,,0.1502313031443329
rain,speed_GNSS2,causal,1,R',T3,,0.1502313031443329
rain,speed_GNSS2,causal,1,R',T5,,0.1502313031443329
rain,speed_GNSS2,causal,1,R',CP,9.0,0.1502313031443329
rain,speed_GNSS2,causal,1,R',peak,8.75,0.1502313031443329
rain,speed_GNSS2,causal,3,R,T2,25.5,0.1502313031443329
rain,speed_GNSS2,causal,3,R,T3,,0.1502313031443329
rain,speed_GNSS2,causal,3,R,T5,,0.1502313031443329
rain,speed_GNSS2,causal,3,R,CP,9.0,0.1502313031443329
rain,speed_GNSS2,causal,3,R,peak,8.5,0.1502313031443329
rain,speed_GNSS2,causal,3,R',T2,25.25,0.1502313031443329
rain,speed_GNSS2,causal,3,R',T3,,0.1502313031443329
rain,speed_GNSS2,causal,3,R',T5,,0.1502313031443329
rain,speed_GNSS2,causal,3,R',CP,9.0,0.1502313031443329
rain,speed_GNSS2,causal,3,R',peak,8.5,0.1502313031443329
rain,speed_GNSS2,causal,6,R,T2,25.5,0.1502313031443329
rain,speed_GNSS2,causal,6,R,T3,,0.1502313031443329
rain,speed_GNSS2,causal,6,R,T5,,0.1502313031443329
rain,speed_GNSS2,causal,6,R,CP,9.75,0.1502313031443329
rain,speed_GNSS2,causal,6,R,peak,6.25,0.1502313031443329
rain,speed_GNSS2,causal,6,R',T2,25.25,0.1502313031443329
rain,speed_GNSS2,causal,6,R',T3,,0.1502313031443329
rain,speed_GNSS2,causal,6,R',T5,,0.1502313031443329
rain,speed_GNSS2,causal,6,R',CP,9.75,0.1502313031443329
rain,speed_GNSS2,causal,6,R',peak,6.25,0.1502313031443329
rain,speed_GNSS2,causal,12,R,T2,31.25,0.1502313031443329
rain,speed_GNSS2,causal,12,R,T3,,0.1502313031443329
rain,speed_GNSS2,causal,12,R,T5,,0.1502313031443329
rain,speed_GNSS2,causal,12,R,CP,10.25,0.1502313031443329
rain,speed_GNSS2,causal,12,R,peak,5.0,0.1502313031443329
rain,speed_GNSS2,causal,12,R',T2,25.5,0.1502313031443329
rain,speed_GNSS2,causal,12,R',T3,25.25,0.1502313031443329
rain,speed_GNSS2,causal,12,R',T5,,0.1502313031443329
rain,speed_GNSS2,causal,12,R',CP,10.0,0.1502313031443329
rain,speed_GNSS2,causal,12,R',peak,5.0,0.1502313031443329
rain,speed_GNSS2,causal-robust,1,R,T2,36.25,0.1502313031443329
rain,speed_GNSS2,causal-robust,1,R,T3,,0.1502313031443329
rain,speed_GNSS2,causal-robust,1,R,T5,,0.1502313031443329
rain,speed_GNSS2,causal-robust,1,R,CP,9.0,0.1502313031443329
rain,speed_GNSS2,causal-robust,1,R,peak,8.75,0.1502313031443329
rain,speed_GNSS2,causal-robust,1,R',T2,-3.25,0.1502313031443329
rain,speed_GNSS2,causal-robust,1,R',T3,,0.1502313031443329
rain,speed_GNSS2,causal-robust,1,R',T5,,0.1502313031443329
rain,speed_GNSS2,causal-robust,1,R',CP,9.0,0.1502313031443329
rain,speed_GNSS2,causal-robust,1,R',peak,8.75,0.1502313031443329
rain,speed_GNSS2,causal-robust,3,R,T2,13.25,0.1502313031443329
rain,speed_GNSS2,causal-robust,3,R,T3,25.25,0.1502313031443329
rain,speed_GNSS2,causal-robust,3,R,T5,26.0,0.1502313031443329
rain,speed_GNSS2,causal-robust,3,R,CP,22.5,0.1502313031443329
rain,speed_GNSS2,causal-robust,3,R,peak,25.5,0.1502313031443329
rain,speed_GNSS2,causal-robust,3,R',T2,-2.25,0.1502313031443329
rain,speed_GNSS2,causal-robust,3,R',T3,-0.5,0.1502313031443329
rain,speed_GNSS2,causal-robust,3,R',T5,25.5,0.1502313031443329
rain,speed_GNSS2,causal-robust,3,R',CP,21.0,0.1502313031443329
rain,speed_GNSS2,causal-robust,3,R',peak,25.5,0.1502313031443329
rain,speed_GNSS2,causal-robust,6,R,T2,3.5,0.1502313031443329
rain,speed_GNSS2,causal-robust,6,R,T3,24.75,0.1502313031443329
rain,speed_GNSS2,causal-robust,6,R,T5,26.25,0.1502313031443329
rain,speed_GNSS2,causal-robust,6,R,CP,13.5,0.1502313031443329
rain,speed_GNSS2,causal-robust,6,R,peak,24.0,0.1502313031443329
rain,speed_GNSS2,causal-robust,6,R',T2,3.0,0.1502313031443329
rain,speed_GNSS2,causal-robust,6,R',T3,24.5,0.1502313031443329
rain,speed_GNSS2,causal-robust,6,R',T5,26.0,0.1502313031443329
rain,speed_GNSS2,causal-robust,6,R',CP,13.75,0.1502313031443329
rain,speed_GNSS2,causal-robust,6,R',peak,24.0,0.1502313031443329
rain,speed_GNSS2,causal-robust,12,R,T2,23.25,0.1502313031443329
rain,speed_GNSS2,causal-robust,12,R,T3,23.75,0.1502313031443329
rain,speed_GNSS2,causal-robust,12,R,T5,26.25,0.1502313031443329
rain,speed_GNSS2,causal-robust,12,R,CP,3.25,0.1502313031443329
rain,speed_GNSS2,causal-robust,12,R,peak,48.0,0.1502313031443329
rain,speed_GNSS2,causal-robust,12,R',T2,6.0,0.1502313031443329
rain,speed_GNSS2,causal-robust,12,R',T3,17.25,0.1502313031443329
rain,speed_GNSS2,causal-robust,12,R',T5,22.75,0.1502313031443329
rain,speed_GNSS2,causal-robust,12,R',CP,4.5,0.1502313031443329
rain,speed_GNSS2,causal-robust,12,R',peak,48.0,0.1502313031443329
rain,level,centred,1,R,T2,24.75,0.08374896350934075
rain,level,centred,1,R,T3,20.75,0.08374896350934075
rain,level,centred,1,R,T5,24.0,0.08374896350934075
rain,level,centred,1,R,CP,21.5,0.08374896350934075
rain,level,centred,1,R,peak,36.0,0.08374896350934075
rain,level,centred,1,R',T2,18.0,0.08374896350934075
rain,level,centred,1,R',T3,18.25,0.08374896350934075
rain,level,centred,1,R',T5,18.75,0.08374896350934075
rain,level,centred,1,R',CP,20.75,0.08374896350934075
rain,level,centred,1,R',peak,36.0,0.08374896350934075
rain,level,centred,3,R,T2,25.5,0.08374896350934075
rain,level,centred,3,R,T3,25.75,0.08374896350934075
rain,level,centred,3,R,T5,26.5,0.08374896350934075
rain,level,centred,3,R,CP,24.25,0.08374896350934075
rain,level,centred,3,R,peak,34.25,0.08374896350934075
rain,level,centred,3,R',T2,22.25,0.08374896350934075
rain,level,centred,3,R',T3,22.25,0.08374896350934075
rain,level,centred,3,R',T5,22.5,0.08374896350934075
rain,level,centred,3,R',CP,23.5,0.08374896350934075
rain,level,centred,3,R',peak,34.25,0.08374896350934075
rain,level,centred,6,R,T2,26.25,0.08374896350934075
rain,level,centred,6,R,T3,27.0,0.08374896350934075
rain,level,centred,6,R,T5,26.75,0.08374896350934075
rain,level,centred,6,R,CP,28.5,0.08374896350934075
rain,level,centred,6,R,peak,35.75,0.08374896350934075
rain,level,centred,6,R',T2,23.5,0.08374896350934075
rain,level,centred,6,R',T3,23.25,0.08374896350934075
rain,level,centred,6,R',T5,22.5,0.08374896350934075
rain,level,centred,6,R',CP,26.5,0.08374896350934075
rain,level,centred,6,R',peak,35.75,0.08374896350934075
rain,level,centred,12,R,T2,21.25,0.08374896350934075
rain,level,centred,12,R,T3,18.75,0.08374896350934075
rain,level,centred,12,R,T5,,0.08374896350934075
rain,level,centred,12,R,CP,32.75,0.08374896350934075
rain,level,centred,12,R,peak,41.5,0.08374896350934075
rain,level,centred,12,R',T2,16.75,0.08374896350934075
rain,level,centred,12,R',T3,14.25,0.08374896350934075
rain,level,centred,12,R',T5,,0.08374896350934075
rain,level,centred,12,R',CP,26.75,0.08374896350934075
rain,level,centred,12,R',peak,41.5,0.08374896350934075
rain,level,causal,1,R,T2,17.75,0.08374896350934075
rain,level,causal,1,R,T3,18.5,0.08374896350934075
rain,level,causal,1,R,T5,21.0,0.08374896350934075
rain,level,causal,1,R,CP,20.25,0.08374896350934075
rain,level,causal,1,R,peak,37.0,0.08374896350934075
rain,level,causal,1,R',T2,16.75,0.08374896350934075
rain,level,causal,1,R',T3,17.25,0.08374896350934075
rain,level,causal,1,R',T5,17.5,0.08374896350934075
rain,level,causal,1,R',CP,19.75,0.08374896350934075
rain,level,causal,1,R',peak,37.0,0.08374896350934075
rain,level,causal,3,R,T2,18.25,0.08374896350934075
rain,level,causal,3,R,T3,18.75,0.08374896350934075
rain,level,causal,3,R,T5,20.75,0.08374896350934075
rain,level,causal,3,R,CP,20.5,0.08374896350934075
rain,level,causal,3,R,peak,37.0,0.08374896350934075
rain,level,causal,3,R',T2,17.0,0.08374896350934075
rain,level,causal,3,R',T3,17.5,0.08374896350934075
rain,level,causal,3,R',T5,18.25,0.08374896350934075
rain,level,causal,3,R',CP,20.0,0.08374896350934075
rain,level,causal,3,R',peak,37.0,0.08374896350934075
rain,level,causal,6,R,T2,19.0,0.08374896350934075
rain,level,causal,6,R,T3,19.75,0.08374896350934075
rain,level,causal,6,R,T5,21.75,0.08374896350934075
rain,level,causal,6,R,CP,22.0,0.08374896350934075
rain,level,causal,6,R,peak,34.75,0.08374896350934075
rain,level,causal,6,R',T2,17.25,0.08374896350934075
rain,level,causal,6,R',T3,17.5,0.08374896350934075
rain,level,causal,6,R',T5,18.0,0.08374896350934075
rain,level,causal,6,R',CP,21.5,0.08374896350934075
rain,level,causal,6,R',peak,34.75,0.08374896350934075
rain,level,causal,12,R,T2,26.5,0.08374896350934075
rain,level,causal,12,R,T3,22.25,0.08374896350934075
rain,level,causal,12,R,T5,24.25,0.08374896350934075
rain,level,causal,12,R,CP,23.25,0.08374896350934075
rain,level,causal,12,R,peak,34.25,0.08374896350934075
rain,level,causal,12,R',T2,18.5,0.08374896350934075
rain,level,causal,12,R',T3,18.5,0.08374896350934075
rain,level,causal,12,R',T5,18.75,0.08374896350934075
rain,level,causal,12,R',CP,22.5,0.08374896350934075
rain,level,causal,12,R',peak,34.25,0.08374896350934075
rain,level,causal-robust,1,R,T2,17.75,0.08374896350934075
rain,level,causal-robust,1,R,T3,18.5,0.08374896350934075
rain,level,causal-robust,1,R,T5,21.0,0.08374896350934075
rain,level,causal-robust,1,R,CP,20.25,0.08374896350934075
rain,level,causal-robust,1,R,peak,37.0,0.08374896350934075
rain,level,causal-robust,1,R',T2,16.75,0.08374896350934075
rain,level,causal-robust,1,R',T3,17.25,0.08374896350934075
rain,level,causal-robust,1,R',T5,17.5,0.08374896350934075
rain,level,causal-robust,1,R',CP,19.75,0.08374896350934075
rain,level,causal-robust,1,R',peak,37.0,0.08374896350934075
rain,level,causal-robust,3,R,T2,18.25,0.08374896350934075
rain,level,causal-robust,3,R,T3,18.75,0.08374896350934075
rain,level,causal-robust,3,R,T5,20.75,0.08374896350934075
rain,level,causal-robust,3,R,CP,20.5,0.08374896350934075
rain,level,causal-robust,3,R,peak,37.0,0.08374896350934075
rain,level,causal-robust,3,R',T2,17.0,0.08374896350934075
rain,level,causal-robust,3,R',T3,17.5,0.08374896350934075
rain,level,causal-robust,3,R',T5,18.25,0.08374896350934075
rain,level,causal-robust,3,R',CP,20.0,0.08374896350934075
rain,level,causal-robust,3,R',peak,37.0,0.08374896350934075
rain,level,causal-robust,6,R,T2,19.0,0.08374896350934075
rain,level,causal-robust,6,R,T3,19.75,0.08374896350934075
rain,level,causal-robust,6,R,T5,21.75,0.08374896350934075
rain,level,causal-robust,6,R,CP,22.0,0.08374896350934075
rain,level,causal-robust,6,R,peak,34.75,0.08374896350934075
rain,level,causal-robust,6,R',T2,17.25,0.08374896350934075
rain,level,causal-robust,6,R',T3,17.5,0.08374896350934075
rain,level,causal-robust,6,R',T5,18.0,0.08374896350934075
rain,level,causal-robust,6,R',CP,21.5,0.08374896350934075
rain,level,causal-robust,6,R',peak,34.75,0.08374896350934075
rain,level,causal-robust,12,R,T2,26.5,0.08374896350934075
rain,level,causal-robust,12,R,T3,22.25,0.08374896350934075
rain,level,causal-robust,12,R,T5,24.25,0.08374896350934075
rain,level,causal-robust,12,R,CP,23.25,0.08374896350934075
rain,level,causal-robust,12,R,peak,34.25,0.08374896350934075
rain,level,causal-robust,12,R',T2,18.5,0.08374896350934075
rain,level,causal-robust,12,R',T3,18.5,0.08374896350934075
rain,level,causal-robust,12,R',T5,18.75,0.08374896350934075
rain,level,causal-robust,12,R',CP,22.5,0.08374896350934075
rain,level,causal-robust,12,R',peak,34.25,0.08374896350934075
rain,uplift_GNSS1,centred,1,R,T2,,0.1502313031443329
rain,uplift_GNSS1,centred,1,R,T3,,0.1502313031443329
rain,uplift_GNSS1,centred,1,R,T5,,0.1502313031443329
rain,uplift_GNSS1,centred,1,R,CP,24.25,0.1502313031443329
rain,uplift_GNSS1,centred,1,R,peak,24.25,0.1502313031443329
rain,uplift_GNSS1,centred,1,R',T2,1.5,0.1502313031443329
rain,uplift_GNSS1,centred,1,R',T3,25.75,0.1502313031443329
rain,uplift_GNSS1,centred,1,R',T5,,0.1502313031443329
rain,uplift_GNSS1,centred,1,R',CP,24.0,0.1502313031443329
rain,uplift_GNSS1,centred,1,R',peak,24.25,0.1502313031443329
rain,uplift_GNSS1,centred,3,R,T2,,0.1502313031443329
rain,uplift_GNSS1,centred,3,R,T3,,0.1502313031443329
rain,uplift_GNSS1,centred,3,R,T5,,0.1502313031443329
rain,uplift_GNSS1,centred,3,R,CP,46.75,0.1502313031443329
rain,uplift_GNSS1,centred,3,R,peak,45.0,0.1502313031443329
rain,uplift_GNSS1,centred,3,R',T2,30.0,0.1502313031443329
rain,uplift_GNSS1,centred,3,R',T3,50.0,0.1502313031443329
rain,uplift_GNSS1,centred,3,R',T5,,0.1502313031443329
rain,uplift_GNSS1,centred,3,R',CP,45.75,0.1502313031443329
rain,uplift_GNSS1,centred,3,R',peak,45.0,0.1502313031443329
rain,uplift_GNSS1,centred,6,R,T2,,0.1502313031443329
rain,uplift_GNSS1,centred,6,R,T3,,0.1502313031443329
rain,uplift_GNSS1,centred,6,R,T5,,0.1502313031443329
rain,uplift_GNSS1,centred,6,R,CP,48.25,0.1502313031443329
rain,uplift_GNSS1,centred,6,R,peak,72.5,0.1502313031443329
rain,uplift_GNSS1,centred,6,R',T2,54.0,0.1502313031443329
rain,uplift_GNSS1,centred,6,R',T3,55.5,0.1502313031443329
rain,uplift_GNSS1,centred,6,R',T5,,0.1502313031443329
rain,uplift_GNSS1,centred,6,R',CP,44.5,0.1502313031443329
rain,uplift_GNSS1,centred,6,R',peak,72.5,0.1502313031443329
rain,uplift_GNSS1,centred,12,R,T2,,0.1502313031443329
rain,uplift_GNSS1,centred,12,R,T3,,0.1502313031443329
rain,uplift_GNSS1,centred,12,R,T5,,0.1502313031443329
rain,uplift_GNSS1,centred,12,R,CP,59.0,0.1502313031443329
rain,uplift_GNSS1,centred,12,R,peak,69.25,0.1502313031443329
rain,uplift_GNSS1,centred,12,R',T2,58.75,0.1502313031443329
rain,uplift_GNSS1,centred,12,R',T3,60.25,0.1502313031443329
rain,uplift_GNSS1,centred,12,R',T5,,0.1502313031443329
rain,uplift_GNSS1,centred,12,R',CP,50.0,0.1502313031443329
rain,uplift_GNSS1,centred,12,R',peak,69.25,0.1502313031443329
rain,uplift_GNSS1,causal,1,R,T2,,0.1502313031443329
rain,uplift_GNSS1,causal,1,R,T3,,0.1502313031443329
rain,uplift_GNSS1,causal,1,R,T5,,0.1502313031443329
rain,uplift_GNSS1,causal,1,R,CP,24.25,0.1502313031443329
rain,uplift_GNSS1,causal,1,R,peak,24.25,0.1502313031443329
rain,uplift_GNSS1,causal,1,R',T2,,0.1502313031443329
rain,uplift_GNSS1,causal,1,R',T3,,0.1502313031443329
rain,uplift_GNSS1,causal,1,R',T5,,0.1502313031443329
rain,uplift_GNSS1,causal,1,R',CP,24.0,0.1502313031443329
rain,uplift_GNSS1,causal,1,R',peak,24.25,0.1502313031443329
rain,uplift_GNSS1,causal,3,R,T2,,0.1502313031443329
rain,uplift_GNSS1,causal,3,R,T3,,0.1502313031443329
rain,uplift_GNSS1,causal,3,R,T5,,0.1502313031443329
rain,uplift_GNSS1,causal,3,R,CP,24.25,0.1502313031443329
rain,uplift_GNSS1,causal,3,R,peak,24.0,0.1502313031443329
rain,uplift_GNSS1,causal,3,R',T2,24.75,0.1502313031443329
rain,uplift_GNSS1,causal,3,R',T3,,0.1502313031443329
rain,uplift_GNSS1,causal,3,R',T5,,0.1502313031443329
rain,uplift_GNSS1,causal,3,R',CP,19.25,0.1502313031443329
rain,uplift_GNSS1,causal,3,R',peak,24.0,0.1502313031443329
rain,uplift_GNSS1,causal,6,R,T2,,0.1502313031443329
rain,uplift_GNSS1,causal,6,R,T3,,0.1502313031443329
rain,uplift_GNSS1,causal,6,R,T5,,0.1502313031443329
rain,uplift_GNSS1,causal,6,R,CP,24.0,0.1502313031443329
rain,uplift_GNSS1,causal,6,R,peak,24.0,0.1502313031443329
rain,uplift_GNSS1,causal,6,R',T2,24.75,0.1502313031443329
rain,uplift_GNSS1,causal,6,R',T3,48.0,0.1502313031443329
rain,uplift_GNSS1,causal,6,R',T5,,0.1502313031443329
rain,uplift_GNSS1,causal,6,R',CP,23.5,0.1502313031443329
rain,uplift_GNSS1,causal,6,R',peak,24.0,0.1502313031443329
rain,uplift_GNSS1,causal,12,R,T2,,0.1502313031443329
rain,uplift_GNSS1,causal,12,R,T3,,0.1502313031443329
rain,uplift_GNSS1,causal,12,R,T5,,0.1502313031443329
rain,uplift_GNSS1,causal,12,R,CP,44.0,0.1502313031443329
rain,uplift_GNSS1,causal,12,R,peak,53.0,0.1502313031443329
rain,uplift_GNSS1,causal,12,R',T2,,0.1502313031443329
rain,uplift_GNSS1,causal,12,R',T3,,0.1502313031443329
rain,uplift_GNSS1,causal,12,R',T5,,0.1502313031443329
rain,uplift_GNSS1,causal,12,R',CP,43.25,0.1502313031443329
rain,uplift_GNSS1,causal,12,R',peak,53.0,0.1502313031443329
rain,uplift_GNSS1,causal-robust,1,R,T2,,0.1502313031443329
rain,uplift_GNSS1,causal-robust,1,R,T3,,0.1502313031443329
rain,uplift_GNSS1,causal-robust,1,R,T5,,0.1502313031443329
rain,uplift_GNSS1,causal-robust,1,R,CP,37.5,0.1502313031443329
rain,uplift_GNSS1,causal-robust,1,R,peak,65.75,0.1502313031443329
rain,uplift_GNSS1,causal-robust,1,R',T2,,0.1502313031443329
rain,uplift_GNSS1,causal-robust,1,R',T3,,0.1502313031443329
rain,uplift_GNSS1,causal-robust,1,R',T5,,0.1502313031443329
rain,uplift_GNSS1,causal-robust,1,R',CP,37.25,0.1502313031443329
rain,uplift_GNSS1,causal-robust,1,R',peak,65.75,0.1502313031443329
rain,uplift_GNSS1,causal-robust,3,R,T2,,0.1502313031443329
rain,uplift_GNSS1,causal-robust,3,R,T3,,0.1502313031443329
rain,uplift_GNSS1,causal-robust,3,R,T5,,0.1502313031443329
rain,uplift_GNSS1,causal-robust,3,R,CP,23.0,0.1502313031443329
rain,uplift_GNSS1,causal-robust,3,R,peak,26.75,0.1502313031443329
rain,uplift_GNSS1,causal-robust,3,R',T2,-4.0,0.1502313031443329
rain,uplift_GNSS1,causal-robust,3,R',T3,27.0,0.1502313031443329
rain,uplift_GNSS1,causal-robust,3,R',T5,,0.1502313031443329
rain,uplift_GNSS1,causal-robust,3,R',CP,19.5,0.1502313031443329
rain,uplift_GNSS1,causal-robust,3,R',peak,26.75,0.1502313031443329
rain,uplift_GNSS1,causal-robust,6,R,T2,27.25,0.1502313031443329
rain,uplift_GNSS1,causal-robust,6,R,T3,,0.1502313031443329
rain,uplift_GNSS1,causal-robust,6,R,T5,,0.1502313031443329
rain,uplift_GNSS1,causal-robust,6,R,CP,24.0,0.1502313031443329
rain,uplift_GNSS1,causal-robust,6,R,peak,24.5,0.1502313031443329
rain,uplift_GNSS1,causal-robust,6,R',T2,24.75,0.1502313031443329
rain,uplift_GNSS1,causal-robust,6,R',T3,27.0,0.1502313031443329
rain,uplift_GNSS1,causal-robust,6,R',T5,,0.1502313031443329
rain,uplift_GNSS1,causal-robust,6,R',CP,23.5,0.1502313031443329
rain,uplift_GNSS1,causal-robust,6,R',peak,24.5,0.1502313031443329
rain,uplift_GNSS1,causal-robust,12,R,T2,,0.1502313031443329
rain,uplift_GNSS1,causal-robust,12,R,T3,,0.1502313031443329
rain,uplift_GNSS1,causal-robust,12,R,T5,,0.1502313031443329
rain,uplift_GNSS1,causal-robust,12,R,CP,44.75,0.1502313031443329
rain,uplift_GNSS1,causal-robust,12,R,peak,45.5,0.1502313031443329
rain,uplift_GNSS1,causal-robust,12,R',T2,48.5,0.1502313031443329
rain,uplift_GNSS1,causal-robust,12,R',T3,,0.1502313031443329
rain,uplift_GNSS1,causal-robust,12,R',T5,,0.1502313031443329
rain,uplift_GNSS1,causal-robust,12,R',CP,44.0,0.1502313031443329
rain,uplift_GNSS1,causal-robust,12,R',peak,45.5,0.1502313031443329
